2026-10-06T13:54:55Z [INFO] [MainProcess] 
======================================== NEW SESSION 2026-10-06T13:54:55.086424+00:00Z========================================
2026-10-06T13:54:55Z [INFO] [MainProcess] Logging to: cases\target_region\logs\get_data.log
2026-10-06T13:54:55Z [INFO] [MainProcess] Starting get_data for case: target_region
2026-10-06T13:54:55Z [INFO] [MainProcess] Input GeoJSON: C:\Users\annas\Documents\GEOIT1501-Trees\DATA\OUT\target_region.geojson
2026-10-06T13:54:55Z [INFO] [MainProcess] Parallel workers: 2
2026-10-06T13:54:55Z [INFO] [MainProcess] Buffer distance: 20.0 m
2026-10-06T13:54:55Z [INFO] [MainProcess] Loading AOI from C:\Users\annas\Documents\GEOIT1501-Trees\DATA\OUT\target_region.geojson
2026-10-06T13:54:55Z [INFO] [MainProcess] CRS: EPSG:28992
2026-10-06T13:54:55Z [INFO] [MainProcess] Created 1 records
2026-10-06T13:54:55Z [INFO] [MainProcess] Buffered AOI saved to C:\Users\annas\Documents\GEOIT1501-Trees\DATA\OUT\target_region_buffered.geojson
2026-10-06T13:54:55Z [INFO] [MainProcess] Created 1 records
2026-10-06T13:54:55Z [INFO] [MainProcess] Saved AOI as GPKG to C:\Users\annas\Documents\GEOIT1501-Trees\DATA\OUT\target_region_aoi.gpkg
2026-10-06T13:54:57Z [INFO] [MainProcess] Found 4 intersecting tiles: ['37FZ1_22', '37FZ1_23', '37HN1_02', '37HN1_03']
2026-10-06T13:54:57Z [INFO] [MainProcess] Running 4 tiles in parallel using 2 cores.
2026-10-06T13:56:50Z [INFO] [MainProcess] 
======================================== NEW SESSION 2026-10-06T13:56:50.158824+00:00Z========================================
2026-10-06T13:56:50Z [INFO] [MainProcess] Logging to: cases\target_region\logs\get_data.log
2026-10-06T13:56:50Z [INFO] [MainProcess] Starting get_data for case: target_region
2026-10-06T13:56:50Z [INFO] [MainProcess] Input GeoJSON: C:\Users\annas\Documents\GEOIT1501-Trees\DATA\OUT\target_region.geojson
2026-10-06T13:56:50Z [INFO] [MainProcess] Parallel workers: 2
2026-10-06T13:56:50Z [INFO] [MainProcess] Buffer distance: 20.0 m
2026-10-06T13:56:50Z [INFO] [MainProcess] Loading AOI from C:\Users\annas\Documents\GEOIT1501-Trees\DATA\OUT\target_region.geojson
2026-10-06T13:56:50Z [INFO] [MainProcess] CRS: EPSG:28992
2026-10-06T13:56:50Z [INFO] [MainProcess] Created 1 records
2026-10-06T13:56:50Z [INFO] [MainProcess] Buffered AOI saved to C:\Users\annas\Documents\GEOIT1501-Trees\DATA\OUT\target_region_buffered.geojson
2026-10-06T13:56:50Z [INFO] [MainProcess] Created 1 records
2026-10-06T13:56:50Z [INFO] [MainProcess] Saved AOI as GPKG to C:\Users\annas\Documents\GEOIT1501-Trees\DATA\OUT\target_region_aoi.gpkg
2026-10-06T13:56:52Z [INFO] [MainProcess] Found 1 intersecting tiles: ['37HN1_02']
2026-10-06T13:56:52Z [INFO] [MainProcess] Running 1 tiles in parallel using 2 cores.
2026-10-06T13:56:59Z [INFO] [MainProcess] [37FZ1_22] DOWNLOAD_FAILED
2026-10-06T13:57:20Z [INFO] [MainProcess] [37FZ1_23] DOWNLOAD_FAILED
2026-10-06T13:57:26Z [INFO] [MainProcess] [37HN1_02] DOWNLOAD_FAILED
2026-10-06T13:57:26Z [INFO] [MainProcess] Starting clip and merge process...
2026-10-06T13:57:26Z [ERROR] [MainProcess] Clip and merge process failed. Error: No .laz files found to process.
Traceback (most recent call last):
  File "C:\Users\annas\Documents\GEOIT1501-Trees\synthesis\get_data.py", line 116, in process_geojson
    clip_and_merge_pointclouds(str(output_dir), "clipped_output.laz")
  File "C:\Users\annas\Documents\GEOIT1501-Trees\synthesis\clip_and_merge.py", line 33, in clip_and_merge_pointclouds
    raise FileNotFoundError("No .laz files found to process.")
FileNotFoundError: No .laz files found to process.
2026-10-06T13:57:26Z [INFO] [MainProcess] Completed get_data for case: target_region
2026-10-06T13:57:46Z [INFO] [MainProcess] [37HN1_02] DOWNLOAD_FAILED
2026-10-06T13:58:48Z [INFO] [MainProcess] [37HN1_03] DOWNLOAD_FAILED
2026-10-06T13:58:48Z [INFO] [MainProcess] Starting clip and merge process...
2026-10-06T13:58:48Z [ERROR] [MainProcess] Clip and merge process failed. Error: No .laz files found to process.
Traceback (most recent call last):
  File "C:\Users\annas\Documents\GEOIT1501-Trees\synthesis\get_data.py", line 116, in process_geojson
    logging.info("Clip and merge process is completed.")
  File "C:\Users\annas\Documents\GEOIT1501-Trees\synthesis\clip_and_merge.py", line 33, in clip_and_merge_pointclouds
    raise FileNotFoundError("No .laz files found to process.")
FileNotFoundError: No .laz files found to process.
2026-10-06T13:58:48Z [INFO] [MainProcess] Completed get_data for case: target_region
2026-10-06T14:16:09Z [INFO] [MainProcess] 
======================================== NEW SESSION 2026-10-06T14:16:09.650782+00:00Z========================================
2026-10-06T14:16:09Z [INFO] [MainProcess] Logging to: cases\target_region\logs\get_data.log
2026-10-06T14:16:09Z [INFO] [MainProcess] Starting get_data for case: target_region
2026-10-06T14:16:09Z [INFO] [MainProcess] Input GeoJSON: C:\Users\annas\Documents\GEOIT1501-Trees\DATA\OUT\target_region.geojson
2026-10-06T14:16:09Z [INFO] [MainProcess] Parallel workers: 2
2026-10-06T14:16:09Z [INFO] [MainProcess] Buffer distance: 20.0 m
2026-10-06T14:16:09Z [INFO] [MainProcess] Loading AOI from C:\Users\annas\Documents\GEOIT1501-Trees\DATA\OUT\target_region.geojson
2026-10-06T14:16:09Z [INFO] [MainProcess] CRS: EPSG:28992
2026-10-06T14:16:09Z [INFO] [MainProcess] Created 1 records
2026-10-06T14:16:09Z [INFO] [MainProcess] Buffered AOI saved to C:\Users\annas\Documents\GEOIT1501-Trees\DATA\OUT\target_region_buffered.geojson
2026-10-06T14:16:09Z [INFO] [MainProcess] Created 1 records
2026-10-06T14:16:09Z [INFO] [MainProcess] Saved AOI as GPKG to C:\Users\annas\Documents\GEOIT1501-Trees\DATA\OUT\target_region_aoi.gpkg
2026-10-06T14:18:05Z [INFO] [MainProcess] 
======================================== NEW SESSION 2026-10-06T14:18:05.104448+00:00Z========================================
2026-10-06T14:18:05Z [INFO] [MainProcess] Logging to: cases\target_region\logs\get_data.log
2026-10-06T14:18:05Z [INFO] [MainProcess] Starting get_data for case: target_region
2026-10-06T14:18:05Z [INFO] [MainProcess] Input GeoJSON: C:\Users\annas\Documents\GEOIT1501-Trees\DATA\OUT\target_region.geojson
2026-10-06T14:18:05Z [INFO] [MainProcess] Parallel workers: 2
2026-10-06T14:18:05Z [INFO] [MainProcess] Buffer distance: 20.0 m
2026-10-06T14:18:05Z [INFO] [MainProcess] Loading AOI from C:\Users\annas\Documents\GEOIT1501-Trees\DATA\OUT\target_region.geojson
2026-10-06T14:18:05Z [INFO] [MainProcess] CRS: EPSG:28992
2026-10-06T14:18:05Z [INFO] [MainProcess] Created 1 records
2026-10-06T14:18:05Z [INFO] [MainProcess] Buffered AOI saved to C:\Users\annas\Documents\GEOIT1501-Trees\DATA\OUT\target_region_buffered.geojson
2026-10-06T14:18:05Z [INFO] [MainProcess] Created 1 records
2026-10-06T14:18:05Z [INFO] [MainProcess] Saved AOI as GPKG to C:\Users\annas\Documents\GEOIT1501-Trees\DATA\OUT\target_region_aoi.gpkg
2026-10-06T14:18:19Z [INFO] [MainProcess] 
======================================== NEW SESSION 2026-10-06T14:18:19.065963+00:00Z========================================
2026-10-06T14:18:19Z [INFO] [MainProcess] Logging to: cases\target_region\logs\get_data.log
2026-10-06T14:18:19Z [INFO] [MainProcess] Starting get_data for case: target_region
2026-10-06T14:18:19Z [INFO] [MainProcess] Input GeoJSON: C:\Users\annas\Documents\GEOIT1501-Trees\DATA\OUT\target_region.geojson
2026-10-06T14:18:19Z [INFO] [MainProcess] Parallel workers: 2
2026-10-06T14:18:19Z [INFO] [MainProcess] Buffer distance: 20.0 m
2026-10-06T14:18:19Z [INFO] [MainProcess] Loading AOI from C:\Users\annas\Documents\GEOIT1501-Trees\DATA\OUT\target_region.geojson
2026-10-06T14:18:19Z [INFO] [MainProcess] CRS: EPSG:28992
2026-10-06T14:18:19Z [INFO] [MainProcess] Created 1 records
2026-10-06T14:18:19Z [INFO] [MainProcess] Buffered AOI saved to C:\Users\annas\Documents\GEOIT1501-Trees\DATA\OUT\target_region_buffered.geojson
2026-10-06T14:18:19Z [INFO] [MainProcess] Created 1 records
2026-10-06T14:18:19Z [INFO] [MainProcess] Saved AOI as GPKG to C:\Users\annas\Documents\GEOIT1501-Trees\DATA\OUT\target_region_aoi.gpkg
2026-10-06T14:24:19Z [INFO] [MainProcess] 
======================================== NEW SESSION 2026-10-06T14:24:19.184269+00:00Z========================================
2026-10-06T14:24:19Z [INFO] [MainProcess] Logging to: cases\target_region\logs\get_data.log
2026-10-06T14:24:19Z [INFO] [MainProcess] Starting get_data for case: target_region
2026-10-06T14:24:19Z [INFO] [MainProcess] Input GeoJSON: C:\Users\annas\Documents\GEOIT1501-Trees\DATA\OUT\target_region.geojson
2026-10-06T14:24:19Z [INFO] [MainProcess] Parallel workers: 2
2026-10-06T14:24:19Z [INFO] [MainProcess] Buffer distance: 20.0 m
2026-10-06T14:24:19Z [INFO] [MainProcess] Loading AOI from C:\Users\annas\Documents\GEOIT1501-Trees\DATA\OUT\target_region.geojson
2026-10-06T14:24:19Z [INFO] [MainProcess] CRS: EPSG:28992
2026-10-06T14:24:19Z [INFO] [MainProcess] Created 1 records
2026-10-06T14:24:19Z [INFO] [MainProcess] Buffered AOI saved to C:\Users\annas\Documents\GEOIT1501-Trees\DATA\OUT\target_region_buffered.geojson
2026-10-06T14:24:19Z [INFO] [MainProcess] Created 1 records
2026-10-06T14:24:19Z [INFO] [MainProcess] Saved AOI as GPKG to C:\Users\annas\Documents\GEOIT1501-Trees\DATA\OUT\target_region_aoi.gpkg
2026-10-06T14:24:59Z [INFO] [MainProcess] 
======================================== NEW SESSION 2026-10-06T14:24:59.268420+00:00Z========================================
2026-10-06T14:24:59Z [INFO] [MainProcess] Logging to: cases\target_region\logs\get_data.log
2026-10-06T14:24:59Z [INFO] [MainProcess] Starting get_data for case: target_region
2026-10-06T14:24:59Z [INFO] [MainProcess] Input GeoJSON: C:\Users\annas\Documents\GEOIT1501-Trees\DATA\OUT\target_region.geojson
2026-10-06T14:24:59Z [INFO] [MainProcess] Parallel workers: 2
2026-10-06T14:24:59Z [INFO] [MainProcess] Buffer distance: 20.0 m
2026-10-06T14:24:59Z [INFO] [MainProcess] Loading AOI from C:\Users\annas\Documents\GEOIT1501-Trees\DATA\OUT\target_region.geojson
2026-10-06T14:24:59Z [INFO] [MainProcess] CRS: EPSG:28992
2026-10-06T14:24:59Z [INFO] [MainProcess] Created 1 records
2026-10-06T14:24:59Z [INFO] [MainProcess] Buffered AOI saved to C:\Users\annas\Documents\GEOIT1501-Trees\DATA\OUT\target_region_buffered.geojson
2026-10-06T14:24:59Z [INFO] [MainProcess] Created 1 records
2026-10-06T14:24:59Z [INFO] [MainProcess] Saved AOI as GPKG to C:\Users\annas\Documents\GEOIT1501-Trees\DATA\OUT\target_region_aoi.gpkg
2026-10-06T14:24:59Z [INFO] [MainProcess] Found 2 intersecting tiles: ['090000_438000', '091000_438000']
2026-10-06T14:24:59Z [INFO] [MainProcess] Running 2 tiles in parallel using 2 cores.
2026-10-06T14:25:29Z [INFO] [MainProcess] [090000_438000] OK
2026-10-06T14:25:29Z [INFO] [MainProcess] [091000_438000] OK
2026-10-06T14:25:30Z [INFO] [MainProcess] Starting clip and merge process...
2026-10-06T14:25:49Z [INFO] [MainProcess] Clip and merge process is completed.
2026-10-06T14:25:49Z [INFO] [MainProcess] Completed get_data for case: target_region
2026-10-06T14:35:01Z [INFO] [MainProcess] 
======================================== NEW SESSION 2026-10-06T14:35:01.797864+00:00Z========================================
2026-10-06T14:35:01Z [INFO] [MainProcess] Logging to: cases\target_region\logs\get_data.log
2026-10-06T14:35:01Z [INFO] [MainProcess] Starting get_data for case: target_region
2026-10-06T14:35:01Z [INFO] [MainProcess] Input GeoJSON: C:\Users\annas\Documents\GEOIT1501-Trees\DATA\OUT\target_region.geojson
2026-10-06T14:35:01Z [INFO] [MainProcess] Parallel workers: 2
2026-10-06T14:35:01Z [INFO] [MainProcess] Buffer distance: 20.0 m
2026-10-06T14:35:01Z [INFO] [MainProcess] Loading AOI from C:\Users\annas\Documents\GEOIT1501-Trees\DATA\OUT\target_region.geojson
2026-10-06T14:35:01Z [INFO] [MainProcess] CRS: EPSG:28992
2026-10-06T14:35:01Z [INFO] [MainProcess] Created 1 records
2026-10-06T14:35:01Z [INFO] [MainProcess] Buffered AOI saved to C:\Users\annas\Documents\GEOIT1501-Trees\DATA\OUT\target_region_buffered.geojson
2026-10-06T14:35:01Z [INFO] [MainProcess] Created 1 records
2026-10-06T14:35:02Z [INFO] [MainProcess] Saved AOI as GPKG to C:\Users\annas\Documents\GEOIT1501-Trees\DATA\OUT\target_region_aoi.gpkg
2026-10-06T14:35:02Z [INFO] [MainProcess] Found 4 intersecting tiles: ['090000_437000', '090000_436000', '091000_437000', '091000_436000']
2026-10-06T14:35:02Z [INFO] [MainProcess] Running 4 tiles in parallel using 2 cores.
2026-10-06T14:35:22Z [INFO] [MainProcess] [090000_437000] OK
2026-10-06T14:35:33Z [INFO] [MainProcess] [090000_436000] OK
2026-10-06T14:35:42Z [INFO] [MainProcess] [091000_437000] OK
2026-10-06T14:35:50Z [INFO] [MainProcess] [091000_436000] OK
2026-10-06T14:35:51Z [INFO] [MainProcess] Starting clip and merge process...
2026-10-06T14:36:39Z [INFO] [MainProcess] Clip and merge process is completed.
2026-10-06T14:36:39Z [INFO] [MainProcess] Completed get_data for case: target_region
2026-10-06T14:55:48Z [INFO] [MainProcess] 
======================================== NEW SESSION 2026-10-06T14:55:48.001135+00:00Z========================================
2026-10-06T14:55:48Z [INFO] [MainProcess] Logging to: cases\target_region\logs\get_data.log
2026-10-06T14:55:48Z [INFO] [MainProcess] Starting get_data for case: target_region
2026-10-06T14:55:48Z [INFO] [MainProcess] Input GeoJSON: C:\Users\annas\Documents\GEOIT1501-Trees\DATA\OUT\target_region.geojson
2026-10-06T14:55:48Z [INFO] [MainProcess] Parallel workers: 2
2026-10-06T14:55:48Z [INFO] [MainProcess] Buffer distance: 20.0 m
2026-10-06T14:55:48Z [INFO] [MainProcess] Loading AOI from C:\Users\annas\Documents\GEOIT1501-Trees\DATA\OUT\target_region.geojson
2026-10-06T14:55:48Z [INFO] [MainProcess] CRS: EPSG:28992
2026-10-06T14:56:06Z [INFO] [MainProcess] 
======================================== NEW SESSION 2026-10-06T14:56:06.301320+00:00Z========================================
2026-10-06T14:56:06Z [INFO] [MainProcess] Logging to: cases\target_region\logs\get_data.log
2026-10-06T14:56:06Z [INFO] [MainProcess] Starting get_data for case: target_region
2026-10-06T14:56:06Z [INFO] [MainProcess] Input GeoJSON: C:\Users\annas\Documents\GEOIT1501-Trees\DATA\OUT\target_region.geojson
2026-10-06T14:56:06Z [INFO] [MainProcess] Parallel workers: 2
2026-10-06T14:56:06Z [INFO] [MainProcess] Buffer distance: 20.0 m
2026-10-06T14:56:06Z [INFO] [MainProcess] Loading AOI from C:\Users\annas\Documents\GEOIT1501-Trees\DATA\OUT\target_region.geojson
2026-10-06T14:56:06Z [INFO] [MainProcess] CRS: EPSG:28992
2026-10-06T14:56:06Z [INFO] [MainProcess] Created 1 records
2026-10-06T14:56:06Z [INFO] [MainProcess] Buffered AOI saved to C:\Users\annas\Documents\GEOIT1501-Trees\DATA\OUT\target_region_buffered.geojson
2026-10-06T14:56:06Z [INFO] [MainProcess] Created 1 records
2026-10-06T14:56:06Z [INFO] [MainProcess] Saved AOI as GPKG to C:\Users\annas\Documents\GEOIT1501-Trees\DATA\OUT\target_region_aoi.gpkg
2026-10-06T14:56:06Z [INFO] [MainProcess] Found 2 intersecting tiles: ['090000_436000', '091000_436000']
2026-10-06T14:56:06Z [INFO] [MainProcess] Running 2 tiles in parallel using 2 cores.
2026-10-06T14:56:25Z [INFO] [MainProcess] [091000_436000] OK
2026-10-06T14:56:41Z [INFO] [MainProcess] [090000_436000] OK
2026-10-06T14:56:41Z [INFO] [MainProcess] Starting clip and merge process...
2026-10-06T14:56:47Z [INFO] [MainProcess] Clip and merge process is completed.
2026-10-06T14:56:47Z [INFO] [MainProcess] Completed get_data for case: target_region
2026-10-06T14:57:18Z [INFO] [MainProcess] 
======================================== NEW SESSION 2026-10-06T14:57:18.548096+00:00Z========================================
2026-10-06T14:57:18Z [INFO] [MainProcess] Logging to: cases\target_region\logs\get_data.log
2026-10-06T14:57:18Z [INFO] [MainProcess] Starting get_data for case: target_region
2026-10-06T14:57:18Z [INFO] [MainProcess] Input GeoJSON: C:\Users\annas\Documents\GEOIT1501-Trees\DATA\OUT\target_region.geojson
2026-10-06T14:57:18Z [INFO] [MainProcess] Parallel workers: 2
2026-10-06T14:57:18Z [INFO] [MainProcess] Buffer distance: 20.0 m
2026-10-06T14:57:18Z [INFO] [MainProcess] Loading AOI from C:\Users\annas\Documents\GEOIT1501-Trees\DATA\OUT\target_region.geojson
2026-10-06T14:57:18Z [INFO] [MainProcess] CRS: EPSG:28992
2026-10-06T14:57:18Z [INFO] [MainProcess] Created 1 records
2026-10-06T14:57:18Z [INFO] [MainProcess] Buffered AOI saved to C:\Users\annas\Documents\GEOIT1501-Trees\DATA\OUT\target_region_buffered.geojson
2026-10-06T14:57:18Z [INFO] [MainProcess] Created 1 records
2026-10-06T14:57:18Z [INFO] [MainProcess] Saved AOI as GPKG to C:\Users\annas\Documents\GEOIT1501-Trees\DATA\OUT\target_region_aoi.gpkg
2026-10-06T14:57:18Z [INFO] [MainProcess] Found 3 intersecting tiles: ['090000_438000', '091000_439000', '091000_438000']
2026-10-06T14:57:18Z [INFO] [MainProcess] Running 3 tiles in parallel using 2 cores.
2026-10-06T14:57:44Z [INFO] [MainProcess] [090000_438000] OK
2026-10-06T14:57:53Z [INFO] [MainProcess] [091000_439000] OK
2026-10-06T14:58:05Z [INFO] [MainProcess] [091000_438000] OK
2026-10-06T14:58:05Z [INFO] [MainProcess] Starting clip and merge process...
2026-10-06T14:58:15Z [INFO] [MainProcess] Clip and merge process is completed.
2026-10-06T14:58:15Z [INFO] [MainProcess] Completed get_data for case: target_region
2026-10-06T15:03:09Z [INFO] [MainProcess] 
======================================== NEW SESSION 2026-10-06T15:03:09.799770+00:00Z========================================
2026-10-06T15:03:09Z [INFO] [MainProcess] Logging to: cases\target_region\logs\get_data.log
2026-10-06T15:03:09Z [INFO] [MainProcess] Starting get_data for case: target_region
2026-10-06T15:03:09Z [INFO] [MainProcess] Input GeoJSON: C:\Users\annas\Documents\GEOIT1501-Trees\DATA\OUT\target_region.geojson
2026-10-06T15:03:09Z [INFO] [MainProcess] Parallel workers: 2
2026-10-06T15:03:09Z [INFO] [MainProcess] Buffer distance: 20.0 m
2026-10-06T15:03:09Z [INFO] [MainProcess] Loading AOI from C:\Users\annas\Documents\GEOIT1501-Trees\DATA\OUT\target_region.geojson
2026-10-06T15:03:09Z [INFO] [MainProcess] CRS: EPSG:28992
2026-10-06T15:03:09Z [INFO] [MainProcess] Created 1 records
2026-10-06T15:03:09Z [INFO] [MainProcess] Buffered AOI saved to C:\Users\annas\Documents\GEOIT1501-Trees\DATA\OUT\target_region_buffered.geojson
2026-10-06T15:03:09Z [INFO] [MainProcess] Created 1 records
2026-10-06T15:03:10Z [INFO] [MainProcess] Saved AOI as GPKG to C:\Users\annas\Documents\GEOIT1501-Trees\DATA\OUT\target_region_aoi.gpkg
2026-10-06T15:03:10Z [INFO] [MainProcess] Found 2 intersecting tiles: ['090000_438000', '091000_438000']
2026-10-06T15:03:10Z [INFO] [MainProcess] Running 2 tiles in parallel using 2 cores.
2026-10-06T15:03:37Z [INFO] [MainProcess] [091000_438000] OK
2026-10-06T15:03:42Z [INFO] [MainProcess] [090000_438000] OK
2026-10-06T15:03:42Z [INFO] [MainProcess] Starting clip and merge process...
2026-10-06T15:03:48Z [INFO] [MainProcess] Clip and merge process is completed.
2026-10-06T15:03:48Z [INFO] [MainProcess] Completed get_data for case: target_region
2026-10-07T07:46:56Z [INFO] [MainProcess] 
======================================== NEW SESSION 2026-10-07T07:46:56.099575+00:00Z========================================
2026-10-07T07:46:56Z [INFO] [MainProcess] Logging to: cases\target_region\logs\get_data.log
2026-10-07T07:46:56Z [INFO] [MainProcess] Starting get_data for case: target_region
2026-10-07T07:46:56Z [INFO] [MainProcess] Input GeoJSON: C:\Users\annas\Documents\GEOIT1501-Trees\DATA\OUT\target_region.geojson
2026-10-07T07:46:56Z [INFO] [MainProcess] Parallel workers: 2
2026-10-07T07:46:56Z [INFO] [MainProcess] Buffer distance: 20.0 m
2026-10-07T07:46:56Z [INFO] [MainProcess] Loading AOI from C:\Users\annas\Documents\GEOIT1501-Trees\DATA\OUT\target_region.geojson
2026-10-07T07:46:56Z [INFO] [MainProcess] CRS: EPSG:28992
2026-10-07T07:46:56Z [INFO] [MainProcess] Created 1 records
2026-10-07T07:46:56Z [INFO] [MainProcess] Buffered AOI saved to C:\Users\annas\Documents\GEOIT1501-Trees\DATA\OUT\target_region_buffered.geojson
2026-10-07T07:46:56Z [INFO] [MainProcess] Created 1 records
2026-10-07T07:46:56Z [INFO] [MainProcess] Saved AOI as GPKG to C:\Users\annas\Documents\GEOIT1501-Trees\DATA\OUT\target_region_aoi.gpkg
2026-10-07T07:46:56Z [INFO] [MainProcess] Found 1 intersecting tiles: ['093000_438000']
2026-10-07T07:46:56Z [INFO] [MainProcess] Running 1 tiles in parallel using 2 cores.
2026-10-07T07:47:04Z [INFO] [MainProcess] [093000_438000] OK
2026-10-07T07:47:04Z [INFO] [MainProcess] Starting clip and merge process...
2026-10-07T07:47:08Z [INFO] [MainProcess] Clip and merge process is completed.
2026-10-07T07:47:08Z [INFO] [MainProcess] Completed get_data for case: target_region
2026-10-07T09:10:11Z [INFO] [MainProcess] 
======================================== NEW SESSION 2026-10-07T09:10:11.502924+00:00Z========================================
2026-10-07T09:10:11Z [INFO] [MainProcess] Logging to: cases\target_region\logs\get_data.log
2026-10-07T09:10:11Z [INFO] [MainProcess] Starting get_data for case: target_region
2026-10-07T09:10:11Z [INFO] [MainProcess] Input GeoJSON: C:\Users\annas\Documents\GEOIT1501-Trees\DATA\OUT\target_region.geojson
2026-10-07T09:10:11Z [INFO] [MainProcess] Parallel workers: 2
2026-10-07T09:10:11Z [INFO] [MainProcess] Buffer distance: 20.0 m
2026-10-07T09:10:11Z [INFO] [MainProcess] Loading AOI from C:\Users\annas\Documents\GEOIT1501-Trees\DATA\OUT\target_region.geojson
2026-10-07T09:10:11Z [INFO] [MainProcess] CRS: EPSG:28992
2026-10-07T09:10:11Z [INFO] [MainProcess] Created 1 records
2026-10-07T09:10:11Z [INFO] [MainProcess] Buffered AOI saved to C:\Users\annas\Documents\GEOIT1501-Trees\DATA\OUT\target_region_buffered.geojson
2026-10-07T09:10:11Z [INFO] [MainProcess] Created 1 records
2026-10-07T09:10:11Z [INFO] [MainProcess] Saved AOI as GPKG to C:\Users\annas\Documents\GEOIT1501-Trees\DATA\OUT\target_region_aoi.gpkg
2026-10-07T09:10:11Z [INFO] [MainProcess] Found 1 intersecting tiles: ['092000_438000']
2026-10-07T09:10:11Z [INFO] [MainProcess] Running 1 tiles in parallel using 2 cores.
2026-10-07T09:10:19Z [INFO] [MainProcess] [092000_438000] OK
2026-10-07T09:10:20Z [INFO] [MainProcess] Starting clip and merge process...
2026-10-07T09:10:20Z [ERROR] [MainProcess] Clip and merge process failed. Error: clip_and_merge_pointclouds() got an unexpected keyword argument 'output_filename'
Traceback (most recent call last):
  File "C:\Users\annas\Documents\GEOIT1501-Trees\synthesis\get_data.py", line 118, in process_geojson
    clip_and_merge_pointclouds(str(output_dir), tile_ids=tile_ids, gpkg_path=gpkg_aoi_path, output_filename="clipped_output.laz")
TypeError: clip_and_merge_pointclouds() got an unexpected keyword argument 'output_filename'
2026-10-07T09:10:20Z [INFO] [MainProcess] Completed get_data for case: target_region
2026-10-07T09:12:31Z [INFO] [MainProcess] 
======================================== NEW SESSION 2026-10-07T09:12:31.738229+00:00Z========================================
2026-10-07T09:12:31Z [INFO] [MainProcess] Logging to: cases\target_region\logs\get_data.log
2026-10-07T09:12:31Z [INFO] [MainProcess] Starting get_data for case: target_region
2026-10-07T09:12:31Z [INFO] [MainProcess] Input GeoJSON: C:\Users\annas\Documents\GEOIT1501-Trees\DATA\OUT\target_region.geojson
2026-10-07T09:12:31Z [INFO] [MainProcess] Parallel workers: 2
2026-10-07T09:12:31Z [INFO] [MainProcess] Buffer distance: 20.0 m
2026-10-07T09:12:31Z [INFO] [MainProcess] Loading AOI from C:\Users\annas\Documents\GEOIT1501-Trees\DATA\OUT\target_region.geojson
2026-10-07T09:12:31Z [INFO] [MainProcess] CRS: EPSG:28992
2026-10-07T09:12:31Z [INFO] [MainProcess] Created 1 records
2026-10-07T09:12:31Z [INFO] [MainProcess] Buffered AOI saved to C:\Users\annas\Documents\GEOIT1501-Trees\DATA\OUT\target_region_buffered.geojson
2026-10-07T09:12:31Z [INFO] [MainProcess] Created 1 records
2026-10-07T09:12:31Z [INFO] [MainProcess] Saved AOI as GPKG to C:\Users\annas\Documents\GEOIT1501-Trees\DATA\OUT\target_region_aoi.gpkg
2026-10-07T09:12:32Z [INFO] [MainProcess] Found 2 intersecting tiles: ['091000_438000', '092000_438000']
2026-10-07T09:12:32Z [INFO] [MainProcess] Running 2 tiles in parallel using 2 cores.
2026-10-07T09:12:40Z [INFO] [MainProcess] [091000_438000] OK
2026-10-07T09:12:45Z [INFO] [MainProcess] [092000_438000] OK
2026-10-07T09:12:45Z [INFO] [MainProcess] Starting clip and merge process...
2026-10-07T09:12:45Z [ERROR] [MainProcess] Clip and merge process failed. Error: AOI file not found at gpkg_aoi_path
Traceback (most recent call last):
  File "C:\Users\annas\Documents\GEOIT1501-Trees\synthesis\get_data.py", line 118, in process_geojson
    clip_and_merge_pointclouds(str(output_dir), gpkg_path="gpkg_aoi_path", tile_ids=tile_ids, output_filename="clipped_output.laz")
  File "C:\Users\annas\Documents\GEOIT1501-Trees\synthesis\clip_and_merge.py", line 16, in clip_and_merge_pointclouds
    raise FileNotFoundError(f"AOI file not found at {gpkg_path}")
FileNotFoundError: AOI file not found at gpkg_aoi_path
2026-10-07T09:12:45Z [INFO] [MainProcess] Completed get_data for case: target_region
2026-10-07T09:14:43Z [INFO] [MainProcess] 
======================================== NEW SESSION 2026-10-07T09:14:43.051047+00:00Z========================================
2026-10-07T09:14:43Z [INFO] [MainProcess] Logging to: cases\target_region\logs\get_data.log
2026-10-07T09:14:43Z [INFO] [MainProcess] Starting get_data for case: target_region
2026-10-07T09:14:43Z [INFO] [MainProcess] Input GeoJSON: C:\Users\annas\Documents\GEOIT1501-Trees\DATA\OUT\target_region.geojson
2026-10-07T09:14:43Z [INFO] [MainProcess] Parallel workers: 2
2026-10-07T09:14:43Z [INFO] [MainProcess] Buffer distance: 20.0 m
2026-10-07T09:14:43Z [INFO] [MainProcess] Loading AOI from C:\Users\annas\Documents\GEOIT1501-Trees\DATA\OUT\target_region.geojson
2026-10-07T09:14:43Z [INFO] [MainProcess] CRS: EPSG:28992
2026-10-07T09:14:43Z [INFO] [MainProcess] Created 1 records
2026-10-07T09:14:43Z [INFO] [MainProcess] Buffered AOI saved to C:\Users\annas\Documents\GEOIT1501-Trees\DATA\OUT\target_region_buffered.geojson
2026-10-07T09:14:43Z [INFO] [MainProcess] Created 1 records
2026-10-07T09:14:43Z [INFO] [MainProcess] Saved AOI as GPKG to C:\Users\annas\Documents\GEOIT1501-Trees\DATA\OUT\target_region_aoi.gpkg
2026-10-07T09:14:43Z [INFO] [MainProcess] Found 2 intersecting tiles: ['091000_438000', '092000_438000']
2026-10-07T09:14:43Z [INFO] [MainProcess] Running 2 tiles in parallel using 2 cores.
2026-10-07T09:14:52Z [INFO] [MainProcess] [091000_438000] OK
2026-10-07T09:14:56Z [INFO] [MainProcess] [092000_438000] OK
2026-10-07T09:14:57Z [INFO] [MainProcess] Starting clip and merge process...
2026-10-07T09:14:57Z [ERROR] [MainProcess] Clip and merge process failed. Error: No .laz files found to process.
Traceback (most recent call last):
  File "C:\Users\annas\Documents\GEOIT1501-Trees\synthesis\get_data.py", line 118, in process_geojson
    clip_and_merge_pointclouds(str(output_dir), gpkg_path=str(gpkg_aoi_path), tile_ids=tile_ids, output_filename="clipped_output.laz")
  File "C:\Users\annas\Documents\GEOIT1501-Trees\synthesis\clip_and_merge.py", line 40, in clip_and_merge_pointclouds
    raise FileNotFoundError("No .laz files found to process.")
FileNotFoundError: No .laz files found to process.
2026-10-07T09:14:57Z [INFO] [MainProcess] Completed get_data for case: target_region
2026-10-07T09:16:24Z [INFO] [MainProcess] 
======================================== NEW SESSION 2026-10-07T09:16:24.260454+00:00Z========================================
2026-10-07T09:16:24Z [INFO] [MainProcess] Logging to: cases\target_region\logs\get_data.log
2026-10-07T09:16:24Z [INFO] [MainProcess] Starting get_data for case: target_region
2026-10-07T09:16:24Z [INFO] [MainProcess] Input GeoJSON: C:\Users\annas\Documents\GEOIT1501-Trees\DATA\OUT\target_region.geojson
2026-10-07T09:16:24Z [INFO] [MainProcess] Parallel workers: 2
2026-10-07T09:16:24Z [INFO] [MainProcess] Buffer distance: 20.0 m
2026-10-07T09:16:24Z [INFO] [MainProcess] Loading AOI from C:\Users\annas\Documents\GEOIT1501-Trees\DATA\OUT\target_region.geojson
2026-10-07T09:16:24Z [INFO] [MainProcess] CRS: EPSG:28992
2026-10-07T09:16:24Z [INFO] [MainProcess] Created 1 records
2026-10-07T09:16:24Z [INFO] [MainProcess] Buffered AOI saved to C:\Users\annas\Documents\GEOIT1501-Trees\DATA\OUT\target_region_buffered.geojson
2026-10-07T09:16:24Z [INFO] [MainProcess] Created 1 records
2026-10-07T09:16:24Z [INFO] [MainProcess] Saved AOI as GPKG to C:\Users\annas\Documents\GEOIT1501-Trees\DATA\OUT\target_region_aoi.gpkg
2026-10-07T09:16:24Z [INFO] [MainProcess] Found 2 intersecting tiles: ['091000_438000', '092000_438000']
2026-10-07T09:16:24Z [INFO] [MainProcess] Running 2 tiles in parallel using 2 cores.
2026-10-07T09:16:38Z [INFO] [MainProcess] [092000_438000] OK
2026-10-07T09:16:38Z [INFO] [MainProcess] [091000_438000] OK
2026-10-07T09:16:38Z [INFO] [MainProcess] Starting clip and merge process...
2026-10-07T09:16:50Z [INFO] [MainProcess] Clip and merge process is completed.
2026-10-07T09:16:50Z [INFO] [MainProcess] Completed get_data for case: target_region
2026-10-07T10:36:03Z [INFO] [MainProcess] 
======================================== NEW SESSION 2026-10-07T10:36:03.069061+00:00Z========================================
2026-10-07T10:36:03Z [INFO] [MainProcess] Logging to: cases\target_region\logs\get_data.log
2026-10-07T10:36:03Z [INFO] [MainProcess] Starting get_data for case: target_region
2026-10-07T10:36:03Z [INFO] [MainProcess] Input GeoJSON: C:\Users\annas\Documents\GEOIT1501-Trees\DATA\OUT\20261007_123603\target_region.geojson
2026-10-07T10:36:03Z [INFO] [MainProcess] Parallel workers: 2
2026-10-07T10:36:03Z [INFO] [MainProcess] Buffer distance: 20.0 m
2026-10-07T10:36:03Z [INFO] [MainProcess] Loading AOI from C:\Users\annas\Documents\GEOIT1501-Trees\DATA\OUT\20261007_123603\target_region.geojson
2026-10-07T10:36:03Z [INFO] [MainProcess] CRS: EPSG:28992
2026-10-07T10:36:03Z [INFO] [MainProcess] Created 1 records
2026-10-07T10:36:03Z [INFO] [MainProcess] Buffered AOI saved to C:\Users\annas\Documents\GEOIT1501-Trees\DATA\OUT\20261007_123603\target_region_buffered.geojson
2026-10-07T10:36:03Z [INFO] [MainProcess] Created 1 records
2026-10-07T10:36:03Z [INFO] [MainProcess] Saved AOI as GPKG to C:\Users\annas\Documents\GEOIT1501-Trees\DATA\OUT\20261007_123603\target_region_aoi.gpkg
2026-10-07T10:36:03Z [INFO] [MainProcess] Found 6 intersecting tiles: ['091000_439000', '091000_438000', '092000_439000', '092000_438000', '093000_439000', '093000_438000']
2026-10-07T10:36:03Z [INFO] [MainProcess] Running 6 tiles in parallel using 2 cores.
2026-10-07T10:36:05Z [INFO] [MainProcess] [091000_438000] OK (CACHED)
2026-10-07T10:36:12Z [INFO] [MainProcess] [091000_439000] OK
2026-10-07T10:36:12Z [INFO] [MainProcess] [092000_438000] OK (CACHED)
2026-10-07T10:36:20Z [INFO] [MainProcess] [093000_439000] OK
2026-10-07T10:36:20Z [INFO] [MainProcess] [093000_438000] OK (CACHED)
2026-10-07T10:36:22Z [INFO] [MainProcess] [092000_439000] OK
2026-10-07T10:36:22Z [INFO] [MainProcess] Starting clip and merge process...
2026-10-07T10:36:47Z [INFO] [MainProcess] Clip and merge process is completed.
2026-10-07T10:36:47Z [INFO] [MainProcess] Completed get_data for case: target_region
2026-10-07T14:38:04Z [INFO] [MainProcess] 
======================================== NEW SESSION 2026-10-07T14:38:04.802547+00:00Z========================================
2026-10-07T14:38:04Z [INFO] [MainProcess] Logging to: cases\target_region\logs\get_data.log
2026-10-07T14:38:04Z [INFO] [MainProcess] Starting get_data for case: target_region
2026-10-07T14:38:04Z [INFO] [MainProcess] Input GeoJSON: C:\Users\annas\Documents\GEOIT1501-Trees\DATA\OUT\20261007_163804\target_region.geojson
2026-10-07T14:38:04Z [INFO] [MainProcess] Parallel workers: 2
2026-10-07T14:38:04Z [INFO] [MainProcess] Buffer distance: 20.0 m
2026-10-07T14:38:04Z [INFO] [MainProcess] Loading AOI from C:\Users\annas\Documents\GEOIT1501-Trees\DATA\OUT\20261007_163804\target_region.geojson
2026-10-07T14:38:04Z [INFO] [MainProcess] CRS: EPSG:28992
2026-10-07T14:38:04Z [INFO] [MainProcess] Created 1 records
2026-10-07T14:38:04Z [INFO] [MainProcess] Buffered AOI saved to C:\Users\annas\Documents\GEOIT1501-Trees\DATA\OUT\20261007_163804\target_region_buffered.geojson
2026-10-07T14:38:04Z [INFO] [MainProcess] Created 1 records
2026-10-07T14:38:04Z [INFO] [MainProcess] Saved AOI as GPKG to C:\Users\annas\Documents\GEOIT1501-Trees\DATA\OUT\20261007_163804\target_region_aoi.gpkg
2026-10-07T14:38:05Z [INFO] [MainProcess] Found 6 intersecting tiles: ['091000_438000', '091000_437000', '092000_438000', '092000_437000', '093000_438000', '093000_437000']
2026-10-07T14:38:05Z [INFO] [MainProcess] Running 6 tiles in parallel using 2 cores.
2026-10-07T14:38:07Z [INFO] [MainProcess] [091000_438000] OK (CACHED)
2026-10-07T14:38:07Z [INFO] [MainProcess] [092000_438000] OK (CACHED)
2026-10-07T14:38:17Z [INFO] [MainProcess] [091000_437000] OK
2026-10-07T14:38:17Z [INFO] [MainProcess] [093000_438000] OK (CACHED)
2026-10-07T14:38:18Z [INFO] [MainProcess] [092000_437000] OK
2026-10-07T14:38:24Z [INFO] [MainProcess] [093000_437000] OK
2026-10-07T14:38:24Z [INFO] [MainProcess] Starting clip and merge process...
2026-10-07T14:38:53Z [INFO] [MainProcess] Clip and merge process is completed.
2026-10-07T14:38:53Z [INFO] [MainProcess] Completed get_data for case: target_region
2026-10-08T09:08:34Z [INFO] [MainProcess] 
======================================== NEW SESSION 2026-10-08T09:08:34.171354+00:00Z========================================
2026-10-08T09:08:34Z [INFO] [MainProcess] Logging to: cases\target_region\logs\get_data.log
2026-10-08T09:08:34Z [INFO] [MainProcess] Starting get_data for case: target_region
2026-10-08T09:08:34Z [INFO] [MainProcess] Input GeoJSON: C:\Users\annas\Documents\GEOIT1501-Trees\DATA\OUT\20261008_110834\target_region.geojson
2026-10-08T09:08:34Z [INFO] [MainProcess] Parallel workers: 2
2026-10-08T09:08:34Z [INFO] [MainProcess] Buffer distance: 20.0 m
2026-10-08T09:08:34Z [INFO] [MainProcess] Loading AOI from C:\Users\annas\Documents\GEOIT1501-Trees\DATA\OUT\20261008_110834\target_region.geojson
2026-10-08T09:08:34Z [INFO] [MainProcess] CRS: EPSG:28992
2026-10-08T09:08:34Z [INFO] [MainProcess] Created 1 records
2026-10-08T09:08:34Z [INFO] [MainProcess] Buffered AOI saved to C:\Users\annas\Documents\GEOIT1501-Trees\DATA\OUT\20261008_110834\target_region_buffered.geojson
2026-10-08T09:08:34Z [INFO] [MainProcess] Created 1 records
2026-10-08T09:08:34Z [INFO] [MainProcess] Saved AOI as GPKG to C:\Users\annas\Documents\GEOIT1501-Trees\DATA\OUT\20261008_110834\target_region_aoi.gpkg
2026-10-08T09:08:34Z [INFO] [MainProcess] Found 1 intersecting tiles: ['092000_438000']
2026-10-08T09:08:34Z [INFO] [MainProcess] Running 1 tiles in parallel using 2 cores.
2026-10-08T09:08:37Z [INFO] [MainProcess] [092000_438000] OK (CACHED)
2026-10-08T09:08:37Z [INFO] [MainProcess] Starting clip and merge process...
2026-10-08T09:08:41Z [INFO] [MainProcess] Clip and merge process is completed.
2026-10-08T09:08:41Z [INFO] [MainProcess] Completed get_data for case: target_region
2026-10-08T09:29:11Z [INFO] [MainProcess] 
======================================== NEW SESSION 2026-10-08T09:29:11.647488+00:00Z========================================
2026-10-08T09:29:11Z [INFO] [MainProcess] Logging to: cases\target_region\logs\get_data.log
2026-10-08T09:29:11Z [INFO] [MainProcess] Starting get_data for case: target_region
2026-10-08T09:29:11Z [INFO] [MainProcess] Input GeoJSON: C:\Users\annas\Documents\GEOIT1501-Trees\DATA\OUT\20261008_112911\target_region.geojson
2026-10-08T09:29:11Z [INFO] [MainProcess] Parallel workers: 2
2026-10-08T09:29:11Z [INFO] [MainProcess] Buffer distance: 20.0 m
2026-10-08T09:29:11Z [INFO] [MainProcess] Loading AOI from C:\Users\annas\Documents\GEOIT1501-Trees\DATA\OUT\20261008_112911\target_region.geojson
2026-10-08T09:29:11Z [INFO] [MainProcess] CRS: EPSG:28992
2026-10-08T09:29:11Z [INFO] [MainProcess] Created 1 records
2026-10-08T09:29:11Z [INFO] [MainProcess] Buffered AOI saved to C:\Users\annas\Documents\GEOIT1501-Trees\DATA\OUT\20261008_112911\target_region_buffered.geojson
2026-10-08T09:29:11Z [INFO] [MainProcess] Created 1 records
2026-10-08T09:29:11Z [INFO] [MainProcess] Saved AOI as GPKG to C:\Users\annas\Documents\GEOIT1501-Trees\DATA\OUT\20261008_112911\target_region_aoi.gpkg
2026-10-08T09:29:11Z [INFO] [MainProcess] Found 2 intersecting tiles: ['083000_447000', '084000_447000']
2026-10-08T09:29:11Z [INFO] [MainProcess] Running 2 tiles in parallel using 2 cores.
2026-10-08T09:29:21Z [INFO] [MainProcess] [084000_447000] OK
2026-10-08T09:29:25Z [INFO] [MainProcess] [083000_447000] OK
2026-10-08T09:29:26Z [INFO] [MainProcess] Starting clip and merge process...
2026-10-08T09:29:34Z [INFO] [MainProcess] Clip and merge process is completed.
2026-10-08T09:29:34Z [INFO] [MainProcess] Completed get_data for case: target_region
2026-10-08T09:32:49Z [INFO] [MainProcess] 
======================================== NEW SESSION 2026-10-08T09:32:49.730020+00:00Z========================================
2026-10-08T09:32:49Z [INFO] [MainProcess] Logging to: cases\target_region\logs\get_data.log
2026-10-08T09:32:49Z [INFO] [MainProcess] Starting get_data for case: target_region
2026-10-08T09:32:49Z [INFO] [MainProcess] Input GeoJSON: C:\Users\annas\Documents\GEOIT1501-Trees\DATA\OUT\20261008_113249\target_region.geojson
2026-10-08T09:32:49Z [INFO] [MainProcess] Parallel workers: 2
2026-10-08T09:32:49Z [INFO] [MainProcess] Buffer distance: 20.0 m
2026-10-08T09:32:49Z [INFO] [MainProcess] Loading AOI from C:\Users\annas\Documents\GEOIT1501-Trees\DATA\OUT\20261008_113249\target_region.geojson
2026-10-08T09:32:49Z [INFO] [MainProcess] CRS: EPSG:28992
2026-10-08T09:32:49Z [INFO] [MainProcess] Created 1 records
2026-10-08T09:32:49Z [INFO] [MainProcess] Buffered AOI saved to C:\Users\annas\Documents\GEOIT1501-Trees\DATA\OUT\20261008_113249\target_region_buffered.geojson
2026-10-08T09:32:49Z [INFO] [MainProcess] Created 1 records
2026-10-08T09:32:49Z [INFO] [MainProcess] Saved AOI as GPKG to C:\Users\annas\Documents\GEOIT1501-Trees\DATA\OUT\20261008_113249\target_region_aoi.gpkg
2026-10-08T09:32:50Z [INFO] [MainProcess] Found 6 intersecting tiles: ['083000_447000', '083000_446000', '084000_447000', '084000_446000', '085000_447000', '085000_446000']
2026-10-08T09:32:50Z [INFO] [MainProcess] Running 6 tiles in parallel using 2 cores.
2026-10-08T09:32:52Z [INFO] [MainProcess] [083000_447000] OK (CACHED)
2026-10-08T09:32:52Z [INFO] [MainProcess] [084000_447000] OK (CACHED)
2026-10-08T09:33:03Z [INFO] [MainProcess] [083000_446000] OK
2026-10-08T09:33:03Z [INFO] [MainProcess] [085000_447000] OK (CACHED)
2026-10-08T09:33:03Z [INFO] [MainProcess] [085000_446000] OK (CACHED)
2026-10-08T09:33:06Z [INFO] [MainProcess] [084000_446000] OK
2026-10-08T09:33:06Z [INFO] [MainProcess] Starting clip and merge process...
2026-10-08T09:33:29Z [INFO] [MainProcess] Clip and merge process is completed.
2026-10-08T09:33:29Z [INFO] [MainProcess] Completed get_data for case: target_region
2026-10-08T09:37:18Z [INFO] [MainProcess] 
======================================== NEW SESSION 2026-10-08T09:37:18.129756+00:00Z========================================
2026-10-08T09:37:18Z [INFO] [MainProcess] Logging to: cases\target_region\logs\get_data.log
2026-10-08T09:37:18Z [INFO] [MainProcess] Starting get_data for case: target_region
2026-10-08T09:37:18Z [INFO] [MainProcess] Input GeoJSON: C:\Users\annas\Documents\GEOIT1501-Trees\DATA\OUT\20261008_113718\target_region.geojson
2026-10-08T09:37:18Z [INFO] [MainProcess] Parallel workers: 2
2026-10-08T09:37:18Z [INFO] [MainProcess] Buffer distance: 20.0 m
2026-10-08T09:37:18Z [INFO] [MainProcess] Loading AOI from C:\Users\annas\Documents\GEOIT1501-Trees\DATA\OUT\20261008_113718\target_region.geojson
2026-10-08T09:37:18Z [INFO] [MainProcess] CRS: EPSG:28992
2026-10-08T09:37:18Z [INFO] [MainProcess] Created 1 records
2026-10-08T09:37:18Z [INFO] [MainProcess] Buffered AOI saved to C:\Users\annas\Documents\GEOIT1501-Trees\DATA\OUT\20261008_113718\target_region_buffered.geojson
2026-10-08T09:37:18Z [INFO] [MainProcess] Created 1 records
2026-10-08T09:37:18Z [INFO] [MainProcess] Saved AOI as GPKG to C:\Users\annas\Documents\GEOIT1501-Trees\DATA\OUT\20261008_113718\target_region_aoi.gpkg
2026-10-08T09:37:18Z [INFO] [MainProcess] Found 4 intersecting tiles: ['083000_447000', '083000_446000', '084000_447000', '084000_446000']
2026-10-08T09:37:18Z [INFO] [MainProcess] Running 4 tiles in parallel using 2 cores.
2026-10-08T09:37:20Z [INFO] [MainProcess] [083000_447000] OK (CACHED)
2026-10-08T09:37:20Z [INFO] [MainProcess] [083000_446000] OK (CACHED)
2026-10-08T09:37:20Z [INFO] [MainProcess] [084000_447000] OK (CACHED)
2026-10-08T09:37:20Z [INFO] [MainProcess] [084000_446000] OK (CACHED)
2026-10-08T09:37:21Z [INFO] [MainProcess] Starting clip and merge process...
2026-10-08T09:37:36Z [INFO] [MainProcess] Clip and merge process is completed.
2026-10-08T09:37:36Z [INFO] [MainProcess] Completed get_data for case: target_region
2026-10-08T09:52:33Z [INFO] [MainProcess] 
======================================== NEW SESSION 2026-10-08T09:52:33.268969+00:00Z========================================
2026-10-08T09:52:33Z [INFO] [MainProcess] Logging to: cases\target_region\logs\get_data.log
2026-10-08T09:52:33Z [INFO] [MainProcess] Starting get_data for case: target_region
2026-10-08T09:52:33Z [INFO] [MainProcess] Input GeoJSON: C:\Users\annas\Documents\GEOIT1501-Trees\DATA\OUT\20261008_115233\target_region.geojson
2026-10-08T09:52:33Z [INFO] [MainProcess] Parallel workers: 2
2026-10-08T09:52:33Z [INFO] [MainProcess] Buffer distance: 20.0 m
2026-10-08T09:52:33Z [INFO] [MainProcess] Loading AOI from C:\Users\annas\Documents\GEOIT1501-Trees\DATA\OUT\20261008_115233\target_region.geojson
2026-10-08T09:52:33Z [INFO] [MainProcess] CRS: EPSG:28992
2026-10-08T09:52:33Z [INFO] [MainProcess] Created 1 records
2026-10-08T09:52:33Z [INFO] [MainProcess] Buffered AOI saved to C:\Users\annas\Documents\GEOIT1501-Trees\DATA\OUT\20261008_115233\target_region_buffered.geojson
2026-10-08T09:52:33Z [INFO] [MainProcess] Created 1 records
2026-10-08T09:52:33Z [INFO] [MainProcess] Saved AOI as GPKG to C:\Users\annas\Documents\GEOIT1501-Trees\DATA\OUT\20261008_115233\target_region_aoi.gpkg
2026-10-08T09:52:33Z [INFO] [MainProcess] Found 1 intersecting tiles: ['084000_447000']
2026-10-08T09:52:33Z [INFO] [MainProcess] Running 1 tiles in parallel using 2 cores.
2026-10-08T09:52:36Z [INFO] [MainProcess] [084000_447000] OK (CACHED)
2026-10-08T09:52:36Z [INFO] [MainProcess] Starting clip and merge process...
2026-10-08T09:52:39Z [INFO] [MainProcess] Clip and merge process is completed.
2026-10-08T09:52:39Z [INFO] [MainProcess] Completed get_data for case: target_region
2026-10-08T10:41:35Z [INFO] [MainProcess] 
======================================== NEW SESSION 2026-10-08T10:41:35.314102+00:00Z========================================
2026-10-08T10:41:35Z [INFO] [MainProcess] Logging to: cases\target_region\logs\get_data.log
2026-10-08T10:41:35Z [INFO] [MainProcess] Starting get_data for case: target_region
2026-10-08T10:41:35Z [INFO] [MainProcess] Input GeoJSON: C:\Users\annas\Documents\GEOIT1501-Trees\DATA\OUT\20261008_124135\target_region.geojson
2026-10-08T10:41:35Z [INFO] [MainProcess] Parallel workers: 2
2026-10-08T10:41:35Z [INFO] [MainProcess] Buffer distance: 20.0 m
2026-10-08T10:41:35Z [INFO] [MainProcess] Loading AOI from C:\Users\annas\Documents\GEOIT1501-Trees\DATA\OUT\20261008_124135\target_region.geojson
2026-10-08T10:41:35Z [INFO] [MainProcess] CRS: EPSG:28992
2026-10-08T10:41:35Z [INFO] [MainProcess] Created 1 records
2026-10-08T10:41:35Z [INFO] [MainProcess] Buffered AOI saved to C:\Users\annas\Documents\GEOIT1501-Trees\DATA\OUT\20261008_124135\target_region_buffered.geojson
2026-10-08T10:41:35Z [INFO] [MainProcess] Created 1 records
2026-10-08T10:41:35Z [INFO] [MainProcess] Saved AOI as GPKG to C:\Users\annas\Documents\GEOIT1501-Trees\DATA\OUT\20261008_124135\target_region_aoi.gpkg
2026-10-08T10:41:35Z [INFO] [MainProcess] Found 2 intersecting tiles: ['091000_438000', '092000_438000']
2026-10-08T10:41:35Z [INFO] [MainProcess] Running 2 tiles in parallel using 2 cores.
2026-10-08T10:41:38Z [INFO] [MainProcess] [091000_438000] OK (CACHED)
2026-10-08T10:41:38Z [INFO] [MainProcess] [092000_438000] OK (CACHED)
2026-10-08T10:41:38Z [INFO] [MainProcess] Starting clip and merge process...
2026-10-08T10:41:47Z [INFO] [MainProcess] Clip and merge process is completed.
2026-10-08T10:41:47Z [INFO] [MainProcess] Completed get_data for case: target_region
2026-10-08T10:50:33Z [INFO] [MainProcess] 
======================================== NEW SESSION 2026-10-08T10:50:33.844648+00:00Z========================================
2026-10-08T10:50:33Z [INFO] [MainProcess] Logging to: cases\target_region\logs\get_data.log
2026-10-08T10:50:33Z [INFO] [MainProcess] Starting get_data for case: target_region
2026-10-08T10:50:33Z [INFO] [MainProcess] Input GeoJSON: C:\Users\annas\Documents\GEOIT1501-Trees\DATA\OUT\20261008_125033\target_region.geojson
2026-10-08T10:50:33Z [INFO] [MainProcess] Parallel workers: 2
2026-10-08T10:50:33Z [INFO] [MainProcess] Buffer distance: 20.0 m
2026-10-08T10:50:33Z [INFO] [MainProcess] Loading AOI from C:\Users\annas\Documents\GEOIT1501-Trees\DATA\OUT\20261008_125033\target_region.geojson
2026-10-08T10:50:33Z [INFO] [MainProcess] CRS: EPSG:28992
2026-10-08T10:50:33Z [INFO] [MainProcess] Created 1 records
2026-10-08T10:50:33Z [INFO] [MainProcess] Buffered AOI saved to C:\Users\annas\Documents\GEOIT1501-Trees\DATA\OUT\20261008_125033\target_region_buffered.geojson
2026-10-08T10:50:34Z [INFO] [MainProcess] Created 1 records
2026-10-08T10:50:34Z [INFO] [MainProcess] Saved AOI as GPKG to C:\Users\annas\Documents\GEOIT1501-Trees\DATA\OUT\20261008_125033\target_region_aoi.gpkg
2026-10-08T10:50:34Z [INFO] [MainProcess] Found 3 intersecting tiles: ['091000_439000', '091000_438000', '092000_438000']
2026-10-08T10:50:34Z [INFO] [MainProcess] Running 3 tiles in parallel using 2 cores.
2026-10-08T10:50:36Z [INFO] [MainProcess] [091000_438000] OK (CACHED)
2026-10-08T10:50:36Z [INFO] [MainProcess] [092000_438000] OK (CACHED)
2026-10-08T10:50:36Z [INFO] [MainProcess] [091000_439000] OK (CACHED)
2026-10-08T10:50:36Z [INFO] [MainProcess] Starting clip and merge process...
2026-10-08T10:50:48Z [INFO] [MainProcess] Clip and merge process is completed.
2026-10-08T10:50:48Z [INFO] [MainProcess] Completed get_data for case: target_region
2026-10-08T10:52:51Z [INFO] [MainProcess] 
======================================== NEW SESSION 2026-10-08T10:52:51.465893+00:00Z========================================
2026-10-08T10:52:51Z [INFO] [MainProcess] Logging to: cases\target_region\logs\get_data.log
2026-10-08T10:52:51Z [INFO] [MainProcess] Starting get_data for case: target_region
2026-10-08T10:52:51Z [INFO] [MainProcess] Input GeoJSON: C:\Users\annas\Documents\GEOIT1501-Trees\DATA\OUT\20261008_125251\target_region.geojson
2026-10-08T10:52:51Z [INFO] [MainProcess] Parallel workers: 2
2026-10-08T10:52:51Z [INFO] [MainProcess] Buffer distance: 20.0 m
2026-10-08T10:52:51Z [INFO] [MainProcess] Loading AOI from C:\Users\annas\Documents\GEOIT1501-Trees\DATA\OUT\20261008_125251\target_region.geojson
2026-10-08T10:52:51Z [INFO] [MainProcess] CRS: EPSG:28992
2026-10-08T10:52:51Z [INFO] [MainProcess] Created 1 records
2026-10-08T10:52:51Z [INFO] [MainProcess] Buffered AOI saved to C:\Users\annas\Documents\GEOIT1501-Trees\DATA\OUT\20261008_125251\target_region_buffered.geojson
2026-10-08T10:52:51Z [INFO] [MainProcess] Created 1 records
2026-10-08T10:52:51Z [INFO] [MainProcess] Saved AOI as GPKG to C:\Users\annas\Documents\GEOIT1501-Trees\DATA\OUT\20261008_125251\target_region_aoi.gpkg
2026-10-08T10:52:51Z [INFO] [MainProcess] Found 4 intersecting tiles: ['091000_439000', '091000_438000', '092000_439000', '092000_438000']
2026-10-08T10:52:51Z [INFO] [MainProcess] Running 4 tiles in parallel using 2 cores.
2026-10-08T10:52:54Z [INFO] [MainProcess] [091000_439000] OK (CACHED)
2026-10-08T10:52:54Z [INFO] [MainProcess] [091000_438000] OK (CACHED)
2026-10-08T10:52:54Z [INFO] [MainProcess] [092000_439000] OK (CACHED)
2026-10-08T10:52:54Z [INFO] [MainProcess] [092000_438000] OK (CACHED)
2026-10-08T10:52:54Z [INFO] [MainProcess] Starting clip and merge process...
2026-10-08T10:53:21Z [INFO] [MainProcess] Clip and merge process is completed.
2026-10-08T10:53:21Z [INFO] [MainProcess] Completed get_data for case: target_region
2026-10-08T12:28:02Z [INFO] [MainProcess] 
======================================== NEW SESSION 2026-10-08T12:28:02.390431+00:00Z========================================
2026-10-08T12:28:02Z [INFO] [MainProcess] Logging to: cases\target_region\logs\get_data.log
2026-10-08T12:28:02Z [INFO] [MainProcess] Starting get_data for case: target_region
2026-10-08T12:28:02Z [INFO] [MainProcess] Input GeoJSON: C:\Users\annas\Documents\GEOIT1501-Trees\DATA\OUT\20261008_142802\target_region.geojson
2026-10-08T12:28:02Z [INFO] [MainProcess] Parallel workers: 2
2026-10-08T12:28:02Z [INFO] [MainProcess] Buffer distance: 20.0 m
2026-10-08T12:28:02Z [INFO] [MainProcess] Loading AOI from C:\Users\annas\Documents\GEOIT1501-Trees\DATA\OUT\20261008_142802\target_region.geojson
2026-10-08T12:28:02Z [INFO] [MainProcess] CRS: EPSG:28992
2026-10-08T12:28:03Z [INFO] [MainProcess] Created 1 records
2026-10-08T12:28:03Z [INFO] [MainProcess] Buffered AOI saved to C:\Users\annas\Documents\GEOIT1501-Trees\DATA\OUT\20261008_142802\target_region_buffered.geojson
2026-10-08T12:28:03Z [INFO] [MainProcess] Created 1 records
2026-10-08T12:28:03Z [INFO] [MainProcess] Saved AOI as GPKG to C:\Users\annas\Documents\GEOIT1501-Trees\DATA\OUT\20261008_142802\target_region_aoi.gpkg
2026-10-08T12:28:03Z [INFO] [MainProcess] Found 1 intersecting tiles: ['092000_438000']
2026-10-08T12:28:03Z [INFO] [MainProcess] Running 1 tiles in parallel using 2 cores.
2026-10-08T12:28:08Z [INFO] [MainProcess] [092000_438000] OK (CACHED)
2026-10-08T12:28:09Z [INFO] [MainProcess] Starting clip and merge process...
2026-10-08T12:28:15Z [INFO] [MainProcess] Clip and merge process is completed.
2026-10-08T12:28:15Z [INFO] [MainProcess] Completed get_data for case: target_region
2026-10-08T13:09:00Z [INFO] [MainProcess] 
======================================== NEW SESSION 2026-10-08T13:09:00.847652+00:00Z========================================
2026-10-08T13:09:00Z [INFO] [MainProcess] Logging to: cases\target_region\logs\get_data.log
2026-10-08T13:09:00Z [INFO] [MainProcess] Starting get_data for case: target_region
2026-10-08T13:09:00Z [INFO] [MainProcess] Input GeoJSON: C:\Users\annas\Documents\GEOIT1501-Trees\DATA\OUT\20261008_150900\target_region.geojson
2026-10-08T13:09:00Z [INFO] [MainProcess] Parallel workers: 2
2026-10-08T13:09:00Z [INFO] [MainProcess] Buffer distance: 20.0 m
2026-10-08T13:09:00Z [INFO] [MainProcess] Loading AOI from C:\Users\annas\Documents\GEOIT1501-Trees\DATA\OUT\20261008_150900\target_region.geojson
2026-10-08T13:09:00Z [INFO] [MainProcess] CRS: EPSG:28992
2026-10-08T13:09:00Z [INFO] [MainProcess] Created 1 records
2026-10-08T13:09:00Z [INFO] [MainProcess] Buffered AOI saved to C:\Users\annas\Documents\GEOIT1501-Trees\DATA\OUT\20261008_150900\target_region_buffered.geojson
2026-10-08T13:09:00Z [INFO] [MainProcess] Created 1 records
2026-10-08T13:09:01Z [INFO] [MainProcess] Saved AOI as GPKG to C:\Users\annas\Documents\GEOIT1501-Trees\DATA\OUT\20261008_150900\target_region_aoi.gpkg
2026-10-08T13:09:01Z [INFO] [MainProcess] Found 2 intersecting tiles: ['090000_438000', '091000_438000']
2026-10-08T13:09:01Z [INFO] [MainProcess] Running 2 tiles in parallel using 2 cores.
2026-10-08T13:09:03Z [INFO] [MainProcess] [091000_438000] OK (CACHED)
2026-10-08T13:09:03Z [INFO] [MainProcess] [090000_438000] DOWNLOAD_FAILED
2026-10-08T13:09:03Z [INFO] [MainProcess] Starting clip and merge process...
2026-10-08T13:09:10Z [INFO] [MainProcess] Clip and merge process is completed.
2026-10-08T13:09:10Z [INFO] [MainProcess] Completed get_data for case: target_region
2026-10-08T14:56:00Z [INFO] [MainProcess] 
======================================== NEW SESSION 2026-10-08T14:56:00.169217+00:00Z========================================
2026-10-08T14:56:00Z [INFO] [MainProcess] Logging to: cases\target_region\logs\get_data.log
2026-10-08T14:56:00Z [INFO] [MainProcess] Starting get_data for case: target_region
2026-10-08T14:56:00Z [INFO] [MainProcess] Input GeoJSON: C:\Users\annas\Documents\GEOIT1501-Trees\DATA\OUT\20261008_165600\target_region.geojson
2026-10-08T14:56:00Z [INFO] [MainProcess] Parallel workers: 2
2026-10-08T14:56:00Z [INFO] [MainProcess] Buffer distance: 20.0 m
2026-10-08T14:56:00Z [INFO] [MainProcess] Loading AOI from C:\Users\annas\Documents\GEOIT1501-Trees\DATA\OUT\20261008_165600\target_region.geojson
2026-10-08T14:56:00Z [INFO] [MainProcess] CRS: EPSG:28992
2026-10-08T14:56:00Z [INFO] [MainProcess] Created 1 records
2026-10-08T14:56:00Z [INFO] [MainProcess] Buffered AOI saved to C:\Users\annas\Documents\GEOIT1501-Trees\DATA\OUT\20261008_165600\target_region_buffered.geojson
2026-10-08T14:56:00Z [INFO] [MainProcess] Created 1 records
2026-10-08T14:56:00Z [INFO] [MainProcess] Saved AOI as GPKG to C:\Users\annas\Documents\GEOIT1501-Trees\DATA\OUT\20261008_165600\target_region_aoi.gpkg
2026-10-08T14:56:00Z [INFO] [MainProcess] Found 2 intersecting tiles: ['091000_438000', '092000_438000']
2026-10-08T14:56:00Z [INFO] [MainProcess] Running 2 tiles in parallel using 2 cores.
2026-10-08T14:56:03Z [INFO] [MainProcess] [091000_438000] OK (CACHED)
2026-10-08T14:56:03Z [INFO] [MainProcess] [092000_438000] OK (CACHED)
2026-10-08T14:56:03Z [INFO] [MainProcess] Starting clip and merge process...
2026-10-08T14:56:14Z [INFO] [MainProcess] Clip and merge process is completed.
2026-10-08T14:56:14Z [INFO] [MainProcess] Completed get_data for case: target_region
2026-10-08T14:56:52Z [INFO] [MainProcess] 
======================================== NEW SESSION 2026-10-08T14:56:52.540008+00:00Z========================================
2026-10-08T14:56:52Z [INFO] [MainProcess] Logging to: cases\target_region\logs\get_data.log
2026-10-08T14:56:52Z [INFO] [MainProcess] Starting get_data for case: target_region
2026-10-08T14:56:52Z [INFO] [MainProcess] Input GeoJSON: C:\Users\annas\Documents\GEOIT1501-Trees\DATA\OUT\20261008_165652\target_region.geojson
2026-10-08T14:56:52Z [INFO] [MainProcess] Parallel workers: 2
2026-10-08T14:56:52Z [INFO] [MainProcess] Buffer distance: 20.0 m
2026-10-08T14:56:52Z [INFO] [MainProcess] Loading AOI from C:\Users\annas\Documents\GEOIT1501-Trees\DATA\OUT\20261008_165652\target_region.geojson
2026-10-08T14:56:52Z [INFO] [MainProcess] CRS: EPSG:28992
2026-10-08T14:56:52Z [INFO] [MainProcess] Created 1 records
2026-10-08T14:56:52Z [INFO] [MainProcess] Buffered AOI saved to C:\Users\annas\Documents\GEOIT1501-Trees\DATA\OUT\20261008_165652\target_region_buffered.geojson
2026-10-08T14:56:52Z [INFO] [MainProcess] Created 1 records
2026-10-08T14:56:52Z [INFO] [MainProcess] Saved AOI as GPKG to C:\Users\annas\Documents\GEOIT1501-Trees\DATA\OUT\20261008_165652\target_region_aoi.gpkg
2026-10-08T14:56:52Z [INFO] [MainProcess] Found 2 intersecting tiles: ['091000_438000', '092000_438000']
2026-10-08T14:56:52Z [INFO] [MainProcess] Running 2 tiles in parallel using 2 cores.
2026-10-08T14:56:55Z [INFO] [MainProcess] [091000_438000] OK (CACHED)
2026-10-08T14:56:55Z [INFO] [MainProcess] [092000_438000] OK (CACHED)
2026-10-08T14:56:55Z [INFO] [MainProcess] Starting clip and merge process...
2026-10-08T14:57:04Z [INFO] [MainProcess] Clip and merge process is completed.
2026-10-08T14:57:04Z [INFO] [MainProcess] Completed get_data for case: target_region
2026-10-09T09:53:41Z [INFO] [MainProcess] 
======================================== NEW SESSION 2026-10-09T09:53:41.080114+00:00Z========================================
2026-10-09T09:53:41Z [INFO] [MainProcess] Logging to: cases\target_region\logs\get_data.log
2026-10-09T09:53:41Z [INFO] [MainProcess] Starting get_data for case: target_region
2026-10-09T09:53:41Z [INFO] [MainProcess] Input GeoJSON: C:\Users\annas\Documents\GEOIT1501-Trees\DATA\OUT\20261009_115341\target_region.geojson
2026-10-09T09:53:41Z [INFO] [MainProcess] Parallel workers: 2
2026-10-09T09:53:41Z [INFO] [MainProcess] Buffer distance: 20.0 m
2026-10-09T09:53:41Z [INFO] [MainProcess] Loading AOI from C:\Users\annas\Documents\GEOIT1501-Trees\DATA\OUT\20261009_115341\target_region.geojson
2026-10-09T09:53:41Z [INFO] [MainProcess] CRS: EPSG:28992
2026-10-09T09:53:41Z [INFO] [MainProcess] Created 1 records
2026-10-09T09:53:41Z [INFO] [MainProcess] Buffered AOI saved to C:\Users\annas\Documents\GEOIT1501-Trees\DATA\OUT\20261009_115341\target_region_buffered.geojson
2026-10-09T09:53:41Z [INFO] [MainProcess] Created 1 records
2026-10-09T09:53:41Z [INFO] [MainProcess] Saved AOI as GPKG to C:\Users\annas\Documents\GEOIT1501-Trees\DATA\OUT\20261009_115341\target_region_aoi.gpkg
2026-10-09T09:53:41Z [INFO] [MainProcess] Found 4 intersecting tiles: ['091000_439000', '091000_438000', '092000_439000', '092000_438000']
2026-10-09T09:53:41Z [INFO] [MainProcess] Running 4 tiles in parallel using 2 cores.
2026-10-09T09:53:44Z [INFO] [MainProcess] [091000_439000] OK (CACHED)
2026-10-09T09:53:44Z [INFO] [MainProcess] [091000_438000] OK (CACHED)
2026-10-09T09:53:44Z [INFO] [MainProcess] [092000_439000] OK (CACHED)
2026-10-09T09:53:44Z [INFO] [MainProcess] [092000_438000] OK (CACHED)
2026-10-09T09:53:44Z [INFO] [MainProcess] Starting clip and merge process...
2026-10-09T09:54:02Z [INFO] [MainProcess] Clip and merge process is completed.
2026-10-09T09:54:02Z [INFO] [MainProcess] Completed get_data for case: target_region
2026-10-09T10:15:12Z [INFO] [MainProcess] 
======================================== NEW SESSION 2026-10-09T10:15:12.624818+00:00Z========================================
2026-10-09T10:15:12Z [INFO] [MainProcess] Logging to: cases\target_region\logs\get_data.log
2026-10-09T10:15:12Z [INFO] [MainProcess] Starting get_data for case: target_region
2026-10-09T10:15:12Z [INFO] [MainProcess] Input GeoJSON: C:\Users\annas\Documents\GEOIT1501-Trees\DATA\OUT\20261009_121512\target_region.geojson
2026-10-09T10:15:12Z [INFO] [MainProcess] Parallel workers: 2
2026-10-09T10:15:12Z [INFO] [MainProcess] Buffer distance: 20.0 m
2026-10-09T10:15:12Z [INFO] [MainProcess] Loading AOI from C:\Users\annas\Documents\GEOIT1501-Trees\DATA\OUT\20261009_121512\target_region.geojson
2026-10-09T10:15:12Z [INFO] [MainProcess] CRS: EPSG:28992
2026-10-09T10:15:12Z [INFO] [MainProcess] Created 1 records
2026-10-09T10:15:12Z [INFO] [MainProcess] Buffered AOI saved to C:\Users\annas\Documents\GEOIT1501-Trees\DATA\OUT\20261009_121512\target_region_buffered.geojson
2026-10-09T10:15:12Z [INFO] [MainProcess] Created 1 records
2026-10-09T10:15:12Z [INFO] [MainProcess] Saved AOI as GPKG to C:\Users\annas\Documents\GEOIT1501-Trees\DATA\OUT\20261009_121512\target_region_aoi.gpkg
2026-10-09T10:15:12Z [INFO] [MainProcess] Found 2 intersecting tiles: ['091000_438000', '092000_438000']
2026-10-09T10:15:12Z [INFO] [MainProcess] Running 2 tiles in parallel using 2 cores.
2026-10-09T10:15:15Z [INFO] [MainProcess] [091000_438000] OK (CACHED)
2026-10-09T10:15:15Z [INFO] [MainProcess] [092000_438000] OK (CACHED)
2026-10-09T10:15:15Z [INFO] [MainProcess] Starting clip and merge process...
2026-10-09T10:15:23Z [INFO] [MainProcess] Clip and merge process is completed.
2026-10-09T10:15:23Z [INFO] [MainProcess] Completed get_data for case: target_region
2026-10-09T13:00:03Z [INFO] [MainProcess] 
======================================== NEW SESSION 2026-10-09T13:00:03.821236+00:00Z========================================
2026-10-09T13:00:03Z [INFO] [MainProcess] Logging to: cases\target_region\logs\get_data.log
2026-10-09T13:00:03Z [INFO] [MainProcess] Starting get_data for case: target_region
2026-10-09T13:00:03Z [INFO] [MainProcess] Input GeoJSON: C:\Users\annas\Documents\GEOIT1501-Trees\DATA\OUT\20261009_150003\target_region.geojson
2026-10-09T13:00:03Z [INFO] [MainProcess] Parallel workers: 2
2026-10-09T13:00:03Z [INFO] [MainProcess] Buffer distance: 20.0 m
2026-10-09T13:00:03Z [INFO] [MainProcess] Loading AOI from C:\Users\annas\Documents\GEOIT1501-Trees\DATA\OUT\20261009_150003\target_region.geojson
2026-10-09T13:00:03Z [INFO] [MainProcess] CRS: EPSG:28992
2026-10-09T13:00:03Z [INFO] [MainProcess] Created 1 records
2026-10-09T13:00:03Z [INFO] [MainProcess] Buffered AOI saved to C:\Users\annas\Documents\GEOIT1501-Trees\DATA\OUT\20261009_150003\target_region_buffered.geojson
2026-10-09T13:00:03Z [INFO] [MainProcess] Created 1 records
2026-10-09T13:00:03Z [INFO] [MainProcess] Saved AOI as GPKG to C:\Users\annas\Documents\GEOIT1501-Trees\DATA\OUT\20261009_150003\target_region_aoi.gpkg
2026-10-09T13:00:04Z [INFO] [MainProcess] Found 2 intersecting tiles: ['091000_438000', '092000_438000']
2026-10-09T13:00:04Z [INFO] [MainProcess] Running 2 tiles in parallel using 2 cores.
2026-10-09T13:00:06Z [INFO] [MainProcess] [091000_438000] OK (CACHED)
2026-10-09T13:00:06Z [INFO] [MainProcess] [092000_438000] OK (CACHED)
2026-10-09T13:00:06Z [INFO] [MainProcess] Starting clip and merge process...
2026-10-09T13:00:15Z [INFO] [MainProcess] Clip and merge process is completed.
2026-10-09T13:00:15Z [INFO] [MainProcess] Completed get_data for case: target_region
2026-10-09T13:03:39Z [INFO] [MainProcess] 
======================================== NEW SESSION 2026-10-09T13:03:39.197633+00:00Z========================================
2026-10-09T13:03:39Z [INFO] [MainProcess] Logging to: cases\target_region\logs\get_data.log
2026-10-09T13:03:39Z [INFO] [MainProcess] Starting get_data for case: target_region
2026-10-09T13:03:39Z [INFO] [MainProcess] Input GeoJSON: C:\Users\annas\Documents\GEOIT1501-Trees\DATA\OUT\20261009_150339\target_region.geojson
2026-10-09T13:03:39Z [INFO] [MainProcess] Parallel workers: 2
2026-10-09T13:03:39Z [INFO] [MainProcess] Buffer distance: 20.0 m
2026-10-09T13:03:39Z [INFO] [MainProcess] Loading AOI from C:\Users\annas\Documents\GEOIT1501-Trees\DATA\OUT\20261009_150339\target_region.geojson
2026-10-09T13:03:39Z [INFO] [MainProcess] CRS: EPSG:28992
2026-10-09T13:03:39Z [INFO] [MainProcess] Created 1 records
2026-10-09T13:03:39Z [INFO] [MainProcess] Buffered AOI saved to C:\Users\annas\Documents\GEOIT1501-Trees\DATA\OUT\20261009_150339\target_region_buffered.geojson
2026-10-09T13:03:39Z [INFO] [MainProcess] Created 1 records
2026-10-09T13:03:39Z [INFO] [MainProcess] Saved AOI as GPKG to C:\Users\annas\Documents\GEOIT1501-Trees\DATA\OUT\20261009_150339\target_region_aoi.gpkg
2026-10-09T13:03:39Z [INFO] [MainProcess] Found 2 intersecting tiles: ['091000_438000', '092000_438000']
2026-10-09T13:03:39Z [INFO] [MainProcess] Running 2 tiles in parallel using 2 cores.
2026-10-09T13:03:41Z [INFO] [MainProcess] [091000_438000] OK (CACHED)
2026-10-09T13:03:41Z [INFO] [MainProcess] [092000_438000] OK (CACHED)
2026-10-09T13:03:42Z [INFO] [MainProcess] Starting clip and merge process...
2026-10-09T13:03:49Z [INFO] [MainProcess] Clip and merge process is completed.
2026-10-09T13:03:49Z [INFO] [MainProcess] Completed get_data for case: target_region
2026-10-09T13:04:16Z [INFO] [MainProcess] 
======================================== NEW SESSION 2026-10-09T13:04:16.931349+00:00Z========================================
2026-10-09T13:04:16Z [INFO] [MainProcess] Logging to: cases\target_region\logs\get_data.log
2026-10-09T13:04:16Z [INFO] [MainProcess] Starting get_data for case: target_region
2026-10-09T13:04:16Z [INFO] [MainProcess] Input GeoJSON: C:\Users\annas\Documents\GEOIT1501-Trees\DATA\OUT\20261009_150416\target_region.geojson
2026-10-09T13:04:16Z [INFO] [MainProcess] Parallel workers: 2
2026-10-09T13:04:16Z [INFO] [MainProcess] Buffer distance: 20.0 m
2026-10-09T13:04:16Z [INFO] [MainProcess] Loading AOI from C:\Users\annas\Documents\GEOIT1501-Trees\DATA\OUT\20261009_150416\target_region.geojson
2026-10-09T13:04:16Z [INFO] [MainProcess] CRS: EPSG:28992
2026-10-09T13:04:16Z [INFO] [MainProcess] Created 1 records
2026-10-09T13:04:16Z [INFO] [MainProcess] Buffered AOI saved to C:\Users\annas\Documents\GEOIT1501-Trees\DATA\OUT\20261009_150416\target_region_buffered.geojson
2026-10-09T13:04:17Z [INFO] [MainProcess] Created 1 records
2026-10-09T13:04:17Z [INFO] [MainProcess] Saved AOI as GPKG to C:\Users\annas\Documents\GEOIT1501-Trees\DATA\OUT\20261009_150416\target_region_aoi.gpkg
2026-10-09T13:04:17Z [INFO] [MainProcess] Found 2 intersecting tiles: ['091000_438000', '092000_438000']
2026-10-09T13:04:17Z [INFO] [MainProcess] Running 2 tiles in parallel using 2 cores.
2026-10-09T13:04:19Z [INFO] [MainProcess] [091000_438000] OK (CACHED)
2026-10-09T13:04:19Z [INFO] [MainProcess] [092000_438000] OK (CACHED)
2026-10-09T13:04:19Z [INFO] [MainProcess] Starting clip and merge process...
2026-10-09T13:04:27Z [INFO] [MainProcess] Clip and merge process is completed.
2026-10-09T13:04:27Z [INFO] [MainProcess] Completed get_data for case: target_region
2026-10-09T13:32:58Z [INFO] [MainProcess] 
======================================== NEW SESSION 2026-10-09T13:32:58.047450+00:00Z========================================
2026-10-09T13:32:58Z [INFO] [MainProcess] Logging to: cases\target_region\logs\get_data.log
2026-10-09T13:32:58Z [INFO] [MainProcess] Starting get_data for case: target_region
2026-10-09T13:32:58Z [INFO] [MainProcess] Input GeoJSON: C:\Users\annas\Documents\GEOIT1501-Trees\DATA\OUT\20261009_153258\target_region.geojson
2026-10-09T13:32:58Z [INFO] [MainProcess] Parallel workers: 2
2026-10-09T13:32:58Z [INFO] [MainProcess] Buffer distance: 20.0 m
2026-10-09T13:32:58Z [INFO] [MainProcess] Loading AOI from C:\Users\annas\Documents\GEOIT1501-Trees\DATA\OUT\20261009_153258\target_region.geojson
2026-10-09T13:32:58Z [INFO] [MainProcess] CRS: EPSG:28992
2026-10-09T13:32:58Z [INFO] [MainProcess] Created 1 records
2026-10-09T13:32:58Z [INFO] [MainProcess] Buffered AOI saved to C:\Users\annas\Documents\GEOIT1501-Trees\DATA\OUT\20261009_153258\target_region_buffered.geojson
2026-10-09T13:32:58Z [INFO] [MainProcess] Created 1 records
2026-10-09T13:32:58Z [INFO] [MainProcess] Saved AOI as GPKG to C:\Users\annas\Documents\GEOIT1501-Trees\DATA\OUT\20261009_153258\target_region_aoi.gpkg
2026-10-09T13:32:58Z [INFO] [MainProcess] Found 4 intersecting tiles: ['091000_439000', '091000_438000', '092000_439000', '092000_438000']
2026-10-09T13:32:58Z [INFO] [MainProcess] Running 4 tiles in parallel using 2 cores.
2026-10-09T13:33:00Z [INFO] [MainProcess] [091000_439000] OK (CACHED)
2026-10-09T13:33:00Z [INFO] [MainProcess] [091000_438000] OK (CACHED)
2026-10-09T13:33:00Z [INFO] [MainProcess] [092000_439000] OK (CACHED)
2026-10-09T13:33:00Z [INFO] [MainProcess] [092000_438000] OK (CACHED)
2026-10-09T13:33:01Z [INFO] [MainProcess] Starting clip and merge process...
2026-10-09T13:33:04Z [ERROR] [MainProcess] Clip and merge process failed. Error: 'LasReader' object has no attribute 'chunkiterator'
concurrent.futures.process._RemoteTraceback: 
"""
Traceback (most recent call last):
  File "C:\Users\annas\AppData\Local\Programs\Python\Python311\Lib\concurrent\futures\process.py", line 261, in _process_worker
    r = call_item.fn(*call_item.args, **call_item.kwargs)
        ^^^^^^^^^^^^^^^^^^^^^^^^^^^^^^^^^^^^^^^^^^^^^^^^^
  File "C:\Users\annas\Documents\GEOIT1501-Trees\synthesis\clip_and_merge.py", line 26, in _clip_single_tile
    for chunk in las.chunkiterator(1_000_000):
                 ^^^^^^^^^^^^^^^^^
AttributeError: 'LasReader' object has no attribute 'chunkiterator'
"""

The above exception was the direct cause of the following exception:

Traceback (most recent call last):
  File "C:\Users\annas\Documents\GEOIT1501-Trees\synthesis\get_data.py", line 154, in process_geojson
    clip_and_merge_pointclouds(str(tiles_dir), str(output_dir), gpkg_path=str(gpkg_aoi_path), tile_ids=tile_ids, output_filename="clipped_output.laz")
  File "C:\Users\annas\Documents\GEOIT1501-Trees\synthesis\clip_and_merge.py", line 120, in clip_and_merge_pointclouds
    points = future.result()
             ^^^^^^^^^^^^^^^
  File "C:\Users\annas\AppData\Local\Programs\Python\Python311\Lib\concurrent\futures\_base.py", line 456, in result
    return self.__get_result()
           ^^^^^^^^^^^^^^^^^^^
  File "C:\Users\annas\AppData\Local\Programs\Python\Python311\Lib\concurrent\futures\_base.py", line 401, in __get_result
    raise self._exception
AttributeError: 'LasReader' object has no attribute 'chunkiterator'
2026-10-09T13:33:04Z [INFO] [MainProcess] Completed get_data for case: target_region
2026-10-09T13:35:14Z [INFO] [MainProcess] 
======================================== NEW SESSION 2026-10-09T13:35:14.948317+00:00Z========================================
2026-10-09T13:35:14Z [INFO] [MainProcess] Logging to: cases\target_region\logs\get_data.log
2026-10-09T13:35:14Z [INFO] [MainProcess] Starting get_data for case: target_region
2026-10-09T13:35:14Z [INFO] [MainProcess] Input GeoJSON: C:\Users\annas\Documents\GEOIT1501-Trees\DATA\OUT\20261009_153514\target_region.geojson
2026-10-09T13:35:14Z [INFO] [MainProcess] Parallel workers: 2
2026-10-09T13:35:14Z [INFO] [MainProcess] Buffer distance: 20.0 m
2026-10-09T13:35:14Z [INFO] [MainProcess] Loading AOI from C:\Users\annas\Documents\GEOIT1501-Trees\DATA\OUT\20261009_153514\target_region.geojson
2026-10-09T13:35:14Z [INFO] [MainProcess] CRS: EPSG:28992
2026-10-09T13:35:15Z [INFO] [MainProcess] Created 1 records
2026-10-09T13:35:15Z [INFO] [MainProcess] Buffered AOI saved to C:\Users\annas\Documents\GEOIT1501-Trees\DATA\OUT\20261009_153514\target_region_buffered.geojson
2026-10-09T13:35:15Z [INFO] [MainProcess] Created 1 records
2026-10-09T13:35:15Z [INFO] [MainProcess] Saved AOI as GPKG to C:\Users\annas\Documents\GEOIT1501-Trees\DATA\OUT\20261009_153514\target_region_aoi.gpkg
2026-10-09T13:35:15Z [INFO] [MainProcess] Found 4 intersecting tiles: ['091000_439000', '091000_438000', '092000_439000', '092000_438000']
2026-10-09T13:35:15Z [INFO] [MainProcess] Running 4 tiles in parallel using 2 cores.
2026-10-09T13:35:17Z [INFO] [MainProcess] [091000_439000] OK (CACHED)
2026-10-09T13:35:17Z [INFO] [MainProcess] [091000_438000] OK (CACHED)
2026-10-09T13:35:17Z [INFO] [MainProcess] [092000_439000] OK (CACHED)
2026-10-09T13:35:17Z [INFO] [MainProcess] [092000_438000] OK (CACHED)
2026-10-09T13:35:17Z [INFO] [MainProcess] Starting clip and merge process...
2026-10-09T13:35:26Z [ERROR] [MainProcess] Clip and merge process failed. Error: type object 'ScaleAwarePointRecord' has no attribute 'concatenate'
concurrent.futures.process._RemoteTraceback: 
"""
Traceback (most recent call last):
  File "C:\Users\annas\AppData\Local\Programs\Python\Python311\Lib\concurrent\futures\process.py", line 261, in _process_worker
    r = call_item.fn(*call_item.args, **call_item.kwargs)
        ^^^^^^^^^^^^^^^^^^^^^^^^^^^^^^^^^^^^^^^^^^^^^^^^^
  File "C:\Users\annas\Documents\GEOIT1501-Trees\synthesis\clip_and_merge.py", line 44, in _clip_single_tile
    return laspy.ScaleAwarePointRecord.concatenate(matched_chunks)
           ^^^^^^^^^^^^^^^^^^^^^^^^^^^^^^^^^^^^^^^
AttributeError: type object 'ScaleAwarePointRecord' has no attribute 'concatenate'
"""

The above exception was the direct cause of the following exception:

Traceback (most recent call last):
  File "C:\Users\annas\Documents\GEOIT1501-Trees\synthesis\get_data.py", line 154, in process_geojson
    clip_and_merge_pointclouds(str(tiles_dir), str(output_dir), gpkg_path=str(gpkg_aoi_path), tile_ids=tile_ids, output_filename="clipped_output.laz")
  File "C:\Users\annas\Documents\GEOIT1501-Trees\synthesis\clip_and_merge.py", line 120, in clip_and_merge_pointclouds
    points = future.result()
             ^^^^^^^^^^^^^^^
  File "C:\Users\annas\AppData\Local\Programs\Python\Python311\Lib\concurrent\futures\_base.py", line 456, in result
    return self.__get_result()
           ^^^^^^^^^^^^^^^^^^^
  File "C:\Users\annas\AppData\Local\Programs\Python\Python311\Lib\concurrent\futures\_base.py", line 401, in __get_result
    raise self._exception
AttributeError: type object 'ScaleAwarePointRecord' has no attribute 'concatenate'
2026-10-09T13:35:26Z [INFO] [MainProcess] Completed get_data for case: target_region
2026-10-09T13:39:40Z [INFO] [MainProcess] 
======================================== NEW SESSION 2026-10-09T13:39:40.167298+00:00Z========================================
2026-10-09T13:39:40Z [INFO] [MainProcess] Logging to: cases\target_region\logs\get_data.log
2026-10-09T13:39:40Z [INFO] [MainProcess] Starting get_data for case: target_region
2026-10-09T13:39:40Z [INFO] [MainProcess] Input GeoJSON: C:\Users\annas\Documents\GEOIT1501-Trees\DATA\OUT\20261009_153940\target_region.geojson
2026-10-09T13:39:40Z [INFO] [MainProcess] Parallel workers: 2
2026-10-09T13:39:40Z [INFO] [MainProcess] Buffer distance: 20.0 m
2026-10-09T13:39:40Z [INFO] [MainProcess] Loading AOI from C:\Users\annas\Documents\GEOIT1501-Trees\DATA\OUT\20261009_153940\target_region.geojson
2026-10-09T13:39:40Z [INFO] [MainProcess] CRS: EPSG:28992
2026-10-09T13:39:40Z [INFO] [MainProcess] Created 1 records
2026-10-09T13:39:40Z [INFO] [MainProcess] Buffered AOI saved to C:\Users\annas\Documents\GEOIT1501-Trees\DATA\OUT\20261009_153940\target_region_buffered.geojson
2026-10-09T13:39:40Z [INFO] [MainProcess] Created 1 records
2026-10-09T13:39:40Z [INFO] [MainProcess] Saved AOI as GPKG to C:\Users\annas\Documents\GEOIT1501-Trees\DATA\OUT\20261009_153940\target_region_aoi.gpkg
2026-10-09T13:39:40Z [INFO] [MainProcess] Found 4 intersecting tiles: ['091000_439000', '091000_438000', '092000_439000', '092000_438000']
2026-10-09T13:39:40Z [INFO] [MainProcess] Running 4 tiles in parallel using 2 cores.
2026-10-09T13:39:42Z [INFO] [MainProcess] [091000_439000] OK (CACHED)
2026-10-09T13:39:42Z [INFO] [MainProcess] [091000_438000] OK (CACHED)
2026-10-09T13:39:42Z [INFO] [MainProcess] [092000_439000] OK (CACHED)
2026-10-09T13:39:42Z [INFO] [MainProcess] [092000_438000] OK (CACHED)
2026-10-09T13:39:43Z [INFO] [MainProcess] Starting clip and merge process...
2026-10-09T13:39:49Z [ERROR] [MainProcess] Clip and merge process failed. Error: A process in the process pool was terminated abruptly while the future was running or pending.
concurrent.futures.process._RemoteTraceback: 
'''
Traceback (most recent call last):
  File "C:\Users\annas\AppData\Local\Programs\Python\Python311\Lib\concurrent\futures\process.py", line 424, in wait_result_broken_or_wakeup
    result_item = result_reader.recv()
                  ^^^^^^^^^^^^^^^^^^^^
  File "C:\Users\annas\AppData\Local\Programs\Python\Python311\Lib\multiprocessing\connection.py", line 251, in recv
    return _ForkingPickler.loads(buf.getbuffer())
           ^^^^^^^^^^^^^^^^^^^^^^^^^^^^^^^^^^^^^^
  File "C:\Users\annas\AppData\Local\Programs\Python\Python311\Lib\site-packages\laspy\point\record.py", line 229, in __getattr__
    return self[item]
           ~~~~^^^^^^
  File "C:\Users\annas\AppData\Local\Programs\Python\Python311\Lib\site-packages\laspy\point\record.py", line 185, in __getitem__
    composed_dim, sub_field = self.sub_fields_dict[item]
                              ^^^^^^^^^^^^^^^^^^^^
  File "C:\Users\annas\AppData\Local\Programs\Python\Python311\Lib\site-packages\laspy\point\record.py", line 229, in __getattr__
    return self[item]
           ~~~~^^^^^^
  File "C:\Users\annas\AppData\Local\Programs\Python\Python311\Lib\site-packages\laspy\point\record.py", line 185, in __getitem__
    composed_dim, sub_field = self.sub_fields_dict[item]
                              ^^^^^^^^^^^^^^^^^^^^
  File "C:\Users\annas\AppData\Local\Programs\Python\Python311\Lib\site-packages\laspy\point\record.py", line 229, in __getattr__
    return self[item]
           ~~~~^^^^^^
  File "C:\Users\annas\AppData\Local\Programs\Python\Python311\Lib\site-packages\laspy\point\record.py", line 185, in __getitem__
    composed_dim, sub_field = self.sub_fields_dict[item]
                              ^^^^^^^^^^^^^^^^^^^^
  File "C:\Users\annas\AppData\Local\Programs\Python\Python311\Lib\site-packages\laspy\point\record.py", line 229, in __getattr__
    return self[item]
           ~~~~^^^^^^
  File "C:\Users\annas\AppData\Local\Programs\Python\Python311\Lib\site-packages\laspy\point\record.py", line 185, in __getitem__
    composed_dim, sub_field = self.sub_fields_dict[item]
                              ^^^^^^^^^^^^^^^^^^^^
  File "C:\Users\annas\AppData\Local\Programs\Python\Python311\Lib\site-packages\laspy\point\record.py", line 229, in __getattr__
    return self[item]
           ~~~~^^^^^^
  File "C:\Users\annas\AppData\Local\Programs\Python\Python311\Lib\site-packages\laspy\point\record.py", line 185, in __getitem__
    composed_dim, sub_field = self.sub_fields_dict[item]
                              ^^^^^^^^^^^^^^^^^^^^
  File "C:\Users\annas\AppData\Local\Programs\Python\Python311\Lib\site-packages\laspy\point\record.py", line 229, in __getattr__
    return self[item]
           ~~~~^^^^^^
  File "C:\Users\annas\AppData\Local\Programs\Python\Python311\Lib\site-packages\laspy\point\record.py", line 185, in __getitem__
    composed_dim, sub_field = self.sub_fields_dict[item]
                              ^^^^^^^^^^^^^^^^^^^^
  File "C:\Users\annas\AppData\Local\Programs\Python\Python311\Lib\site-packages\laspy\point\record.py", line 229, in __getattr__
    return self[item]
           ~~~~^^^^^^
  File "C:\Users\annas\AppData\Local\Programs\Python\Python311\Lib\site-packages\laspy\point\record.py", line 185, in __getitem__
    composed_dim, sub_field = self.sub_fields_dict[item]
                              ^^^^^^^^^^^^^^^^^^^^
  File "C:\Users\annas\AppData\Local\Programs\Python\Python311\Lib\site-packages\laspy\point\record.py", line 229, in __getattr__
    return self[item]
           ~~~~^^^^^^
  File "C:\Users\annas\AppData\Local\Programs\Python\Python311\Lib\site-packages\laspy\point\record.py", line 185, in __getitem__
    composed_dim, sub_field = self.sub_fields_dict[item]
                              ^^^^^^^^^^^^^^^^^^^^
  File "C:\Users\annas\AppData\Local\Programs\Python\Python311\Lib\site-packages\laspy\point\record.py", line 229, in __getattr__
    return self[item]
           ~~~~^^^^^^
  File "C:\Users\annas\AppData\Local\Programs\Python\Python311\Lib\site-packages\laspy\point\record.py", line 185, in __getitem__
    composed_dim, sub_field = self.sub_fields_dict[item]
                              ^^^^^^^^^^^^^^^^^^^^
  File "C:\Users\annas\AppData\Local\Programs\Python\Python311\Lib\site-packages\laspy\point\record.py", line 229, in __getattr__
    return self[item]
           ~~~~^^^^^^
  File "C:\Users\annas\AppData\Local\Programs\Python\Python311\Lib\site-packages\laspy\point\record.py", line 185, in __getitem__
    composed_dim, sub_field = self.sub_fields_dict[item]
                              ^^^^^^^^^^^^^^^^^^^^
  File "C:\Users\annas\AppData\Local\Programs\Python\Python311\Lib\site-packages\laspy\point\record.py", line 229, in __getattr__
    return self[item]
           ~~~~^^^^^^
  File "C:\Users\annas\AppData\Local\Programs\Python\Python311\Lib\site-packages\laspy\point\record.py", line 185, in __getitem__
    composed_dim, sub_field = self.sub_fields_dict[item]
                              ^^^^^^^^^^^^^^^^^^^^
  File "C:\Users\annas\AppData\Local\Programs\Python\Python311\Lib\site-packages\laspy\point\record.py", line 229, in __getattr__
    return self[item]
           ~~~~^^^^^^
  File "C:\Users\annas\AppData\Local\Programs\Python\Python311\Lib\site-packages\laspy\point\record.py", line 185, in __getitem__
    composed_dim, sub_field = self.sub_fields_dict[item]
                              ^^^^^^^^^^^^^^^^^^^^
  File "C:\Users\annas\AppData\Local\Programs\Python\Python311\Lib\site-packages\laspy\point\record.py", line 229, in __getattr__
    return self[item]
           ~~~~^^^^^^
  File "C:\Users\annas\AppData\Local\Programs\Python\Python311\Lib\site-packages\laspy\point\record.py", line 185, in __getitem__
    composed_dim, sub_field = self.sub_fields_dict[item]
                              ^^^^^^^^^^^^^^^^^^^^
  File "C:\Users\annas\AppData\Local\Programs\Python\Python311\Lib\site-packages\laspy\point\record.py", line 229, in __getattr__
    return self[item]
           ~~~~^^^^^^
  File "C:\Users\annas\AppData\Local\Programs\Python\Python311\Lib\site-packages\laspy\point\record.py", line 185, in __getitem__
    composed_dim, sub_field = self.sub_fields_dict[item]
                              ^^^^^^^^^^^^^^^^^^^^
  File "C:\Users\annas\AppData\Local\Programs\Python\Python311\Lib\site-packages\laspy\point\record.py", line 229, in __getattr__
    return self[item]
           ~~~~^^^^^^
  File "C:\Users\annas\AppData\Local\Programs\Python\Python311\Lib\site-packages\laspy\point\record.py", line 185, in __getitem__
    composed_dim, sub_field = self.sub_fields_dict[item]
                              ^^^^^^^^^^^^^^^^^^^^
  File "C:\Users\annas\AppData\Local\Programs\Python\Python311\Lib\site-packages\laspy\point\record.py", line 229, in __getattr__
    return self[item]
           ~~~~^^^^^^
  File "C:\Users\annas\AppData\Local\Programs\Python\Python311\Lib\site-packages\laspy\point\record.py", line 185, in __getitem__
    composed_dim, sub_field = self.sub_fields_dict[item]
                              ^^^^^^^^^^^^^^^^^^^^
  File "C:\Users\annas\AppData\Local\Programs\Python\Python311\Lib\site-packages\laspy\point\record.py", line 229, in __getattr__
    return self[item]
           ~~~~^^^^^^
  File "C:\Users\annas\AppData\Local\Programs\Python\Python311\Lib\site-packages\laspy\point\record.py", line 185, in __getitem__
    composed_dim, sub_field = self.sub_fields_dict[item]
                              ^^^^^^^^^^^^^^^^^^^^
  File "C:\Users\annas\AppData\Local\Programs\Python\Python311\Lib\site-packages\laspy\point\record.py", line 229, in __getattr__
    return self[item]
           ~~~~^^^^^^
  File "C:\Users\annas\AppData\Local\Programs\Python\Python311\Lib\site-packages\laspy\point\record.py", line 185, in __getitem__
    composed_dim, sub_field = self.sub_fields_dict[item]
                              ^^^^^^^^^^^^^^^^^^^^
  File "C:\Users\annas\AppData\Local\Programs\Python\Python311\Lib\site-packages\laspy\point\record.py", line 229, in __getattr__
    return self[item]
           ~~~~^^^^^^
  File "C:\Users\annas\AppData\Local\Programs\Python\Python311\Lib\site-packages\laspy\point\record.py", line 185, in __getitem__
    composed_dim, sub_field = self.sub_fields_dict[item]
                              ^^^^^^^^^^^^^^^^^^^^
  File "C:\Users\annas\AppData\Local\Programs\Python\Python311\Lib\site-packages\laspy\point\record.py", line 229, in __getattr__
    return self[item]
           ~~~~^^^^^^
  File "C:\Users\annas\AppData\Local\Programs\Python\Python311\Lib\site-packages\laspy\point\record.py", line 185, in __getitem__
    composed_dim, sub_field = self.sub_fields_dict[item]
                              ^^^^^^^^^^^^^^^^^^^^
  File "C:\Users\annas\AppData\Local\Programs\Python\Python311\Lib\site-packages\laspy\point\record.py", line 229, in __getattr__
    return self[item]
           ~~~~^^^^^^
  File "C:\Users\annas\AppData\Local\Programs\Python\Python311\Lib\site-packages\laspy\point\record.py", line 185, in __getitem__
    composed_dim, sub_field = self.sub_fields_dict[item]
                              ^^^^^^^^^^^^^^^^^^^^
  File "C:\Users\annas\AppData\Local\Programs\Python\Python311\Lib\site-packages\laspy\point\record.py", line 229, in __getattr__
    return self[item]
           ~~~~^^^^^^
  File "C:\Users\annas\AppData\Local\Programs\Python\Python311\Lib\site-packages\laspy\point\record.py", line 185, in __getitem__
    composed_dim, sub_field = self.sub_fields_dict[item]
                              ^^^^^^^^^^^^^^^^^^^^
  File "C:\Users\annas\AppData\Local\Programs\Python\Python311\Lib\site-packages\laspy\point\record.py", line 229, in __getattr__
    return self[item]
           ~~~~^^^^^^
  File "C:\Users\annas\AppData\Local\Programs\Python\Python311\Lib\site-packages\laspy\point\record.py", line 185, in __getitem__
    composed_dim, sub_field = self.sub_fields_dict[item]
                              ^^^^^^^^^^^^^^^^^^^^
  File "C:\Users\annas\AppData\Local\Programs\Python\Python311\Lib\site-packages\laspy\point\record.py", line 229, in __getattr__
    return self[item]
           ~~~~^^^^^^
  File "C:\Users\annas\AppData\Local\Programs\Python\Python311\Lib\site-packages\laspy\point\record.py", line 185, in __getitem__
    composed_dim, sub_field = self.sub_fields_dict[item]
                              ^^^^^^^^^^^^^^^^^^^^
  File "C:\Users\annas\AppData\Local\Programs\Python\Python311\Lib\site-packages\laspy\point\record.py", line 229, in __getattr__
    return self[item]
           ~~~~^^^^^^
  File "C:\Users\annas\AppData\Local\Programs\Python\Python311\Lib\site-packages\laspy\point\record.py", line 185, in __getitem__
    composed_dim, sub_field = self.sub_fields_dict[item]
                              ^^^^^^^^^^^^^^^^^^^^
  File "C:\Users\annas\AppData\Local\Programs\Python\Python311\Lib\site-packages\laspy\point\record.py", line 229, in __getattr__
    return self[item]
           ~~~~^^^^^^
  File "C:\Users\annas\AppData\Local\Programs\Python\Python311\Lib\site-packages\laspy\point\record.py", line 185, in __getitem__
    composed_dim, sub_field = self.sub_fields_dict[item]
                              ^^^^^^^^^^^^^^^^^^^^
  File "C:\Users\annas\AppData\Local\Programs\Python\Python311\Lib\site-packages\laspy\point\record.py", line 229, in __getattr__
    return self[item]
           ~~~~^^^^^^
  File "C:\Users\annas\AppData\Local\Programs\Python\Python311\Lib\site-packages\laspy\point\record.py", line 185, in __getitem__
    composed_dim, sub_field = self.sub_fields_dict[item]
                              ^^^^^^^^^^^^^^^^^^^^
  File "C:\Users\annas\AppData\Local\Programs\Python\Python311\Lib\site-packages\laspy\point\record.py", line 229, in __getattr__
    return self[item]
           ~~~~^^^^^^
  File "C:\Users\annas\AppData\Local\Programs\Python\Python311\Lib\site-packages\laspy\point\record.py", line 185, in __getitem__
    composed_dim, sub_field = self.sub_fields_dict[item]
                              ^^^^^^^^^^^^^^^^^^^^
  File "C:\Users\annas\AppData\Local\Programs\Python\Python311\Lib\site-packages\laspy\point\record.py", line 229, in __getattr__
    return self[item]
           ~~~~^^^^^^
  File "C:\Users\annas\AppData\Local\Programs\Python\Python311\Lib\site-packages\laspy\point\record.py", line 185, in __getitem__
    composed_dim, sub_field = self.sub_fields_dict[item]
                              ^^^^^^^^^^^^^^^^^^^^
  File "C:\Users\annas\AppData\Local\Programs\Python\Python311\Lib\site-packages\laspy\point\record.py", line 229, in __getattr__
    return self[item]
           ~~~~^^^^^^
  File "C:\Users\annas\AppData\Local\Programs\Python\Python311\Lib\site-packages\laspy\point\record.py", line 185, in __getitem__
    composed_dim, sub_field = self.sub_fields_dict[item]
                              ^^^^^^^^^^^^^^^^^^^^
  File "C:\Users\annas\AppData\Local\Programs\Python\Python311\Lib\site-packages\laspy\point\record.py", line 229, in __getattr__
    return self[item]
           ~~~~^^^^^^
  File "C:\Users\annas\AppData\Local\Programs\Python\Python311\Lib\site-packages\laspy\point\record.py", line 185, in __getitem__
    composed_dim, sub_field = self.sub_fields_dict[item]
                              ^^^^^^^^^^^^^^^^^^^^
  File "C:\Users\annas\AppData\Local\Programs\Python\Python311\Lib\site-packages\laspy\point\record.py", line 229, in __getattr__
    return self[item]
           ~~~~^^^^^^
  File "C:\Users\annas\AppData\Local\Programs\Python\Python311\Lib\site-packages\laspy\point\record.py", line 185, in __getitem__
    composed_dim, sub_field = self.sub_fields_dict[item]
                              ^^^^^^^^^^^^^^^^^^^^
  File "C:\Users\annas\AppData\Local\Programs\Python\Python311\Lib\site-packages\laspy\point\record.py", line 229, in __getattr__
    return self[item]
           ~~~~^^^^^^
  File "C:\Users\annas\AppData\Local\Programs\Python\Python311\Lib\site-packages\laspy\point\record.py", line 185, in __getitem__
    composed_dim, sub_field = self.sub_fields_dict[item]
                              ^^^^^^^^^^^^^^^^^^^^
  File "C:\Users\annas\AppData\Local\Programs\Python\Python311\Lib\site-packages\laspy\point\record.py", line 229, in __getattr__
    return self[item]
           ~~~~^^^^^^
  File "C:\Users\annas\AppData\Local\Programs\Python\Python311\Lib\site-packages\laspy\point\record.py", line 185, in __getitem__
    composed_dim, sub_field = self.sub_fields_dict[item]
                              ^^^^^^^^^^^^^^^^^^^^
  File "C:\Users\annas\AppData\Local\Programs\Python\Python311\Lib\site-packages\laspy\point\record.py", line 229, in __getattr__
    return self[item]
           ~~~~^^^^^^
  File "C:\Users\annas\AppData\Local\Programs\Python\Python311\Lib\site-packages\laspy\point\record.py", line 185, in __getitem__
    composed_dim, sub_field = self.sub_fields_dict[item]
                              ^^^^^^^^^^^^^^^^^^^^
  File "C:\Users\annas\AppData\Local\Programs\Python\Python311\Lib\site-packages\laspy\point\record.py", line 229, in __getattr__
    return self[item]
           ~~~~^^^^^^
  File "C:\Users\annas\AppData\Local\Programs\Python\Python311\Lib\site-packages\laspy\point\record.py", line 185, in __getitem__
    composed_dim, sub_field = self.sub_fields_dict[item]
                              ^^^^^^^^^^^^^^^^^^^^
  File "C:\Users\annas\AppData\Local\Programs\Python\Python311\Lib\site-packages\laspy\point\record.py", line 229, in __getattr__
    return self[item]
           ~~~~^^^^^^
  File "C:\Users\annas\AppData\Local\Programs\Python\Python311\Lib\site-packages\laspy\point\record.py", line 185, in __getitem__
    composed_dim, sub_field = self.sub_fields_dict[item]
                              ^^^^^^^^^^^^^^^^^^^^
  File "C:\Users\annas\AppData\Local\Programs\Python\Python311\Lib\site-packages\laspy\point\record.py", line 229, in __getattr__
    return self[item]
           ~~~~^^^^^^
  File "C:\Users\annas\AppData\Local\Programs\Python\Python311\Lib\site-packages\laspy\point\record.py", line 185, in __getitem__
    composed_dim, sub_field = self.sub_fields_dict[item]
                              ^^^^^^^^^^^^^^^^^^^^
  File "C:\Users\annas\AppData\Local\Programs\Python\Python311\Lib\site-packages\laspy\point\record.py", line 229, in __getattr__
    return self[item]
           ~~~~^^^^^^
  File "C:\Users\annas\AppData\Local\Programs\Python\Python311\Lib\site-packages\laspy\point\record.py", line 185, in __getitem__
    composed_dim, sub_field = self.sub_fields_dict[item]
                              ^^^^^^^^^^^^^^^^^^^^
  File "C:\Users\annas\AppData\Local\Programs\Python\Python311\Lib\site-packages\laspy\point\record.py", line 229, in __getattr__
    return self[item]
           ~~~~^^^^^^
  File "C:\Users\annas\AppData\Local\Programs\Python\Python311\Lib\site-packages\laspy\point\record.py", line 185, in __getitem__
    composed_dim, sub_field = self.sub_fields_dict[item]
                              ^^^^^^^^^^^^^^^^^^^^
  File "C:\Users\annas\AppData\Local\Programs\Python\Python311\Lib\site-packages\laspy\point\record.py", line 229, in __getattr__
    return self[item]
           ~~~~^^^^^^
  File "C:\Users\annas\AppData\Local\Programs\Python\Python311\Lib\site-packages\laspy\point\record.py", line 185, in __getitem__
    composed_dim, sub_field = self.sub_fields_dict[item]
                              ^^^^^^^^^^^^^^^^^^^^
  File "C:\Users\annas\AppData\Local\Programs\Python\Python311\Lib\site-packages\laspy\point\record.py", line 229, in __getattr__
    return self[item]
           ~~~~^^^^^^
  File "C:\Users\annas\AppData\Local\Programs\Python\Python311\Lib\site-packages\laspy\point\record.py", line 185, in __getitem__
    composed_dim, sub_field = self.sub_fields_dict[item]
                              ^^^^^^^^^^^^^^^^^^^^
  File "C:\Users\annas\AppData\Local\Programs\Python\Python311\Lib\site-packages\laspy\point\record.py", line 229, in __getattr__
    return self[item]
           ~~~~^^^^^^
  File "C:\Users\annas\AppData\Local\Programs\Python\Python311\Lib\site-packages\laspy\point\record.py", line 185, in __getitem__
    composed_dim, sub_field = self.sub_fields_dict[item]
                              ^^^^^^^^^^^^^^^^^^^^
  File "C:\Users\annas\AppData\Local\Programs\Python\Python311\Lib\site-packages\laspy\point\record.py", line 229, in __getattr__
    return self[item]
           ~~~~^^^^^^
  File "C:\Users\annas\AppData\Local\Programs\Python\Python311\Lib\site-packages\laspy\point\record.py", line 185, in __getitem__
    composed_dim, sub_field = self.sub_fields_dict[item]
                              ^^^^^^^^^^^^^^^^^^^^
  File "C:\Users\annas\AppData\Local\Programs\Python\Python311\Lib\site-packages\laspy\point\record.py", line 229, in __getattr__
    return self[item]
           ~~~~^^^^^^
  File "C:\Users\annas\AppData\Local\Programs\Python\Python311\Lib\site-packages\laspy\point\record.py", line 185, in __getitem__
    composed_dim, sub_field = self.sub_fields_dict[item]
                              ^^^^^^^^^^^^^^^^^^^^
  File "C:\Users\annas\AppData\Local\Programs\Python\Python311\Lib\site-packages\laspy\point\record.py", line 229, in __getattr__
    return self[item]
           ~~~~^^^^^^
  File "C:\Users\annas\AppData\Local\Programs\Python\Python311\Lib\site-packages\laspy\point\record.py", line 185, in __getitem__
    composed_dim, sub_field = self.sub_fields_dict[item]
                              ^^^^^^^^^^^^^^^^^^^^
  File "C:\Users\annas\AppData\Local\Programs\Python\Python311\Lib\site-packages\laspy\point\record.py", line 229, in __getattr__
    return self[item]
           ~~~~^^^^^^
  File "C:\Users\annas\AppData\Local\Programs\Python\Python311\Lib\site-packages\laspy\point\record.py", line 185, in __getitem__
    composed_dim, sub_field = self.sub_fields_dict[item]
                              ^^^^^^^^^^^^^^^^^^^^
  File "C:\Users\annas\AppData\Local\Programs\Python\Python311\Lib\site-packages\laspy\point\record.py", line 229, in __getattr__
    return self[item]
           ~~~~^^^^^^
  File "C:\Users\annas\AppData\Local\Programs\Python\Python311\Lib\site-packages\laspy\point\record.py", line 185, in __getitem__
    composed_dim, sub_field = self.sub_fields_dict[item]
                              ^^^^^^^^^^^^^^^^^^^^
  File "C:\Users\annas\AppData\Local\Programs\Python\Python311\Lib\site-packages\laspy\point\record.py", line 229, in __getattr__
    return self[item]
           ~~~~^^^^^^
  File "C:\Users\annas\AppData\Local\Programs\Python\Python311\Lib\site-packages\laspy\point\record.py", line 185, in __getitem__
    composed_dim, sub_field = self.sub_fields_dict[item]
                              ^^^^^^^^^^^^^^^^^^^^
  File "C:\Users\annas\AppData\Local\Programs\Python\Python311\Lib\site-packages\laspy\point\record.py", line 229, in __getattr__
    return self[item]
           ~~~~^^^^^^
  File "C:\Users\annas\AppData\Local\Programs\Python\Python311\Lib\site-packages\laspy\point\record.py", line 185, in __getitem__
    composed_dim, sub_field = self.sub_fields_dict[item]
                              ^^^^^^^^^^^^^^^^^^^^
  File "C:\Users\annas\AppData\Local\Programs\Python\Python311\Lib\site-packages\laspy\point\record.py", line 229, in __getattr__
    return self[item]
           ~~~~^^^^^^
  File "C:\Users\annas\AppData\Local\Programs\Python\Python311\Lib\site-packages\laspy\point\record.py", line 185, in __getitem__
    composed_dim, sub_field = self.sub_fields_dict[item]
                              ^^^^^^^^^^^^^^^^^^^^
  File "C:\Users\annas\AppData\Local\Programs\Python\Python311\Lib\site-packages\laspy\point\record.py", line 229, in __getattr__
    return self[item]
           ~~~~^^^^^^
  File "C:\Users\annas\AppData\Local\Programs\Python\Python311\Lib\site-packages\laspy\point\record.py", line 185, in __getitem__
    composed_dim, sub_field = self.sub_fields_dict[item]
                              ^^^^^^^^^^^^^^^^^^^^
  File "C:\Users\annas\AppData\Local\Programs\Python\Python311\Lib\site-packages\laspy\point\record.py", line 229, in __getattr__
    return self[item]
           ~~~~^^^^^^
  File "C:\Users\annas\AppData\Local\Programs\Python\Python311\Lib\site-packages\laspy\point\record.py", line 185, in __getitem__
    composed_dim, sub_field = self.sub_fields_dict[item]
                              ^^^^^^^^^^^^^^^^^^^^
  File "C:\Users\annas\AppData\Local\Programs\Python\Python311\Lib\site-packages\laspy\point\record.py", line 229, in __getattr__
    return self[item]
           ~~~~^^^^^^
  File "C:\Users\annas\AppData\Local\Programs\Python\Python311\Lib\site-packages\laspy\point\record.py", line 185, in __getitem__
    composed_dim, sub_field = self.sub_fields_dict[item]
                              ^^^^^^^^^^^^^^^^^^^^
  File "C:\Users\annas\AppData\Local\Programs\Python\Python311\Lib\site-packages\laspy\point\record.py", line 229, in __getattr__
    return self[item]
           ~~~~^^^^^^
  File "C:\Users\annas\AppData\Local\Programs\Python\Python311\Lib\site-packages\laspy\point\record.py", line 185, in __getitem__
    composed_dim, sub_field = self.sub_fields_dict[item]
                              ^^^^^^^^^^^^^^^^^^^^
  File "C:\Users\annas\AppData\Local\Programs\Python\Python311\Lib\site-packages\laspy\point\record.py", line 229, in __getattr__
    return self[item]
           ~~~~^^^^^^
  File "C:\Users\annas\AppData\Local\Programs\Python\Python311\Lib\site-packages\laspy\point\record.py", line 185, in __getitem__
    composed_dim, sub_field = self.sub_fields_dict[item]
                              ^^^^^^^^^^^^^^^^^^^^
  File "C:\Users\annas\AppData\Local\Programs\Python\Python311\Lib\site-packages\laspy\point\record.py", line 229, in __getattr__
    return self[item]
           ~~~~^^^^^^
  File "C:\Users\annas\AppData\Local\Programs\Python\Python311\Lib\site-packages\laspy\point\record.py", line 185, in __getitem__
    composed_dim, sub_field = self.sub_fields_dict[item]
                              ^^^^^^^^^^^^^^^^^^^^
  File "C:\Users\annas\AppData\Local\Programs\Python\Python311\Lib\site-packages\laspy\point\record.py", line 229, in __getattr__
    return self[item]
           ~~~~^^^^^^
  File "C:\Users\annas\AppData\Local\Programs\Python\Python311\Lib\site-packages\laspy\point\record.py", line 185, in __getitem__
    composed_dim, sub_field = self.sub_fields_dict[item]
                              ^^^^^^^^^^^^^^^^^^^^
  File "C:\Users\annas\AppData\Local\Programs\Python\Python311\Lib\site-packages\laspy\point\record.py", line 229, in __getattr__
    return self[item]
           ~~~~^^^^^^
  File "C:\Users\annas\AppData\Local\Programs\Python\Python311\Lib\site-packages\laspy\point\record.py", line 185, in __getitem__
    composed_dim, sub_field = self.sub_fields_dict[item]
                              ^^^^^^^^^^^^^^^^^^^^
  File "C:\Users\annas\AppData\Local\Programs\Python\Python311\Lib\site-packages\laspy\point\record.py", line 229, in __getattr__
    return self[item]
           ~~~~^^^^^^
  File "C:\Users\annas\AppData\Local\Programs\Python\Python311\Lib\site-packages\laspy\point\record.py", line 185, in __getitem__
    composed_dim, sub_field = self.sub_fields_dict[item]
                              ^^^^^^^^^^^^^^^^^^^^
  File "C:\Users\annas\AppData\Local\Programs\Python\Python311\Lib\site-packages\laspy\point\record.py", line 229, in __getattr__
    return self[item]
           ~~~~^^^^^^
  File "C:\Users\annas\AppData\Local\Programs\Python\Python311\Lib\site-packages\laspy\point\record.py", line 185, in __getitem__
    composed_dim, sub_field = self.sub_fields_dict[item]
                              ^^^^^^^^^^^^^^^^^^^^
  File "C:\Users\annas\AppData\Local\Programs\Python\Python311\Lib\site-packages\laspy\point\record.py", line 229, in __getattr__
    return self[item]
           ~~~~^^^^^^
  File "C:\Users\annas\AppData\Local\Programs\Python\Python311\Lib\site-packages\laspy\point\record.py", line 185, in __getitem__
    composed_dim, sub_field = self.sub_fields_dict[item]
                              ^^^^^^^^^^^^^^^^^^^^
  File "C:\Users\annas\AppData\Local\Programs\Python\Python311\Lib\site-packages\laspy\point\record.py", line 229, in __getattr__
    return self[item]
           ~~~~^^^^^^
  File "C:\Users\annas\AppData\Local\Programs\Python\Python311\Lib\site-packages\laspy\point\record.py", line 185, in __getitem__
    composed_dim, sub_field = self.sub_fields_dict[item]
                              ^^^^^^^^^^^^^^^^^^^^
  File "C:\Users\annas\AppData\Local\Programs\Python\Python311\Lib\site-packages\laspy\point\record.py", line 229, in __getattr__
    return self[item]
           ~~~~^^^^^^
  File "C:\Users\annas\AppData\Local\Programs\Python\Python311\Lib\site-packages\laspy\point\record.py", line 185, in __getitem__
    composed_dim, sub_field = self.sub_fields_dict[item]
                              ^^^^^^^^^^^^^^^^^^^^
  File "C:\Users\annas\AppData\Local\Programs\Python\Python311\Lib\site-packages\laspy\point\record.py", line 229, in __getattr__
    return self[item]
           ~~~~^^^^^^
  File "C:\Users\annas\AppData\Local\Programs\Python\Python311\Lib\site-packages\laspy\point\record.py", line 185, in __getitem__
    composed_dim, sub_field = self.sub_fields_dict[item]
                              ^^^^^^^^^^^^^^^^^^^^
  File "C:\Users\annas\AppData\Local\Programs\Python\Python311\Lib\site-packages\laspy\point\record.py", line 229, in __getattr__
    return self[item]
           ~~~~^^^^^^
  File "C:\Users\annas\AppData\Local\Programs\Python\Python311\Lib\site-packages\laspy\point\record.py", line 185, in __getitem__
    composed_dim, sub_field = self.sub_fields_dict[item]
                              ^^^^^^^^^^^^^^^^^^^^
  File "C:\Users\annas\AppData\Local\Programs\Python\Python311\Lib\site-packages\laspy\point\record.py", line 229, in __getattr__
    return self[item]
           ~~~~^^^^^^
  File "C:\Users\annas\AppData\Local\Programs\Python\Python311\Lib\site-packages\laspy\point\record.py", line 185, in __getitem__
    composed_dim, sub_field = self.sub_fields_dict[item]
                              ^^^^^^^^^^^^^^^^^^^^
  File "C:\Users\annas\AppData\Local\Programs\Python\Python311\Lib\site-packages\laspy\point\record.py", line 229, in __getattr__
    return self[item]
           ~~~~^^^^^^
  File "C:\Users\annas\AppData\Local\Programs\Python\Python311\Lib\site-packages\laspy\point\record.py", line 185, in __getitem__
    composed_dim, sub_field = self.sub_fields_dict[item]
                              ^^^^^^^^^^^^^^^^^^^^
  File "C:\Users\annas\AppData\Local\Programs\Python\Python311\Lib\site-packages\laspy\point\record.py", line 229, in __getattr__
    return self[item]
           ~~~~^^^^^^
  File "C:\Users\annas\AppData\Local\Programs\Python\Python311\Lib\site-packages\laspy\point\record.py", line 185, in __getitem__
    composed_dim, sub_field = self.sub_fields_dict[item]
                              ^^^^^^^^^^^^^^^^^^^^
  File "C:\Users\annas\AppData\Local\Programs\Python\Python311\Lib\site-packages\laspy\point\record.py", line 229, in __getattr__
    return self[item]
           ~~~~^^^^^^
  File "C:\Users\annas\AppData\Local\Programs\Python\Python311\Lib\site-packages\laspy\point\record.py", line 185, in __getitem__
    composed_dim, sub_field = self.sub_fields_dict[item]
                              ^^^^^^^^^^^^^^^^^^^^
  File "C:\Users\annas\AppData\Local\Programs\Python\Python311\Lib\site-packages\laspy\point\record.py", line 229, in __getattr__
    return self[item]
           ~~~~^^^^^^
  File "C:\Users\annas\AppData\Local\Programs\Python\Python311\Lib\site-packages\laspy\point\record.py", line 185, in __getitem__
    composed_dim, sub_field = self.sub_fields_dict[item]
                              ^^^^^^^^^^^^^^^^^^^^
  File "C:\Users\annas\AppData\Local\Programs\Python\Python311\Lib\site-packages\laspy\point\record.py", line 229, in __getattr__
    return self[item]
           ~~~~^^^^^^
  File "C:\Users\annas\AppData\Local\Programs\Python\Python311\Lib\site-packages\laspy\point\record.py", line 185, in __getitem__
    composed_dim, sub_field = self.sub_fields_dict[item]
                              ^^^^^^^^^^^^^^^^^^^^
  File "C:\Users\annas\AppData\Local\Programs\Python\Python311\Lib\site-packages\laspy\point\record.py", line 229, in __getattr__
    return self[item]
           ~~~~^^^^^^
  File "C:\Users\annas\AppData\Local\Programs\Python\Python311\Lib\site-packages\laspy\point\record.py", line 185, in __getitem__
    composed_dim, sub_field = self.sub_fields_dict[item]
                              ^^^^^^^^^^^^^^^^^^^^
  File "C:\Users\annas\AppData\Local\Programs\Python\Python311\Lib\site-packages\laspy\point\record.py", line 229, in __getattr__
    return self[item]
           ~~~~^^^^^^
  File "C:\Users\annas\AppData\Local\Programs\Python\Python311\Lib\site-packages\laspy\point\record.py", line 185, in __getitem__
    composed_dim, sub_field = self.sub_fields_dict[item]
                              ^^^^^^^^^^^^^^^^^^^^
  File "C:\Users\annas\AppData\Local\Programs\Python\Python311\Lib\site-packages\laspy\point\record.py", line 229, in __getattr__
    return self[item]
           ~~~~^^^^^^
  File "C:\Users\annas\AppData\Local\Programs\Python\Python311\Lib\site-packages\laspy\point\record.py", line 185, in __getitem__
    composed_dim, sub_field = self.sub_fields_dict[item]
                              ^^^^^^^^^^^^^^^^^^^^
  File "C:\Users\annas\AppData\Local\Programs\Python\Python311\Lib\site-packages\laspy\point\record.py", line 229, in __getattr__
    return self[item]
           ~~~~^^^^^^
  File "C:\Users\annas\AppData\Local\Programs\Python\Python311\Lib\site-packages\laspy\point\record.py", line 185, in __getitem__
    composed_dim, sub_field = self.sub_fields_dict[item]
                              ^^^^^^^^^^^^^^^^^^^^
  File "C:\Users\annas\AppData\Local\Programs\Python\Python311\Lib\site-packages\laspy\point\record.py", line 229, in __getattr__
    return self[item]
           ~~~~^^^^^^
  File "C:\Users\annas\AppData\Local\Programs\Python\Python311\Lib\site-packages\laspy\point\record.py", line 185, in __getitem__
    composed_dim, sub_field = self.sub_fields_dict[item]
                              ^^^^^^^^^^^^^^^^^^^^
  File "C:\Users\annas\AppData\Local\Programs\Python\Python311\Lib\site-packages\laspy\point\record.py", line 229, in __getattr__
    return self[item]
           ~~~~^^^^^^
  File "C:\Users\annas\AppData\Local\Programs\Python\Python311\Lib\site-packages\laspy\point\record.py", line 185, in __getitem__
    composed_dim, sub_field = self.sub_fields_dict[item]
                              ^^^^^^^^^^^^^^^^^^^^
  File "C:\Users\annas\AppData\Local\Programs\Python\Python311\Lib\site-packages\laspy\point\record.py", line 229, in __getattr__
    return self[item]
           ~~~~^^^^^^
  File "C:\Users\annas\AppData\Local\Programs\Python\Python311\Lib\site-packages\laspy\point\record.py", line 185, in __getitem__
    composed_dim, sub_field = self.sub_fields_dict[item]
                              ^^^^^^^^^^^^^^^^^^^^
  File "C:\Users\annas\AppData\Local\Programs\Python\Python311\Lib\site-packages\laspy\point\record.py", line 229, in __getattr__
    return self[item]
           ~~~~^^^^^^
  File "C:\Users\annas\AppData\Local\Programs\Python\Python311\Lib\site-packages\laspy\point\record.py", line 185, in __getitem__
    composed_dim, sub_field = self.sub_fields_dict[item]
                              ^^^^^^^^^^^^^^^^^^^^
  File "C:\Users\annas\AppData\Local\Programs\Python\Python311\Lib\site-packages\laspy\point\record.py", line 229, in __getattr__
    return self[item]
           ~~~~^^^^^^
  File "C:\Users\annas\AppData\Local\Programs\Python\Python311\Lib\site-packages\laspy\point\record.py", line 185, in __getitem__
    composed_dim, sub_field = self.sub_fields_dict[item]
                              ^^^^^^^^^^^^^^^^^^^^
  File "C:\Users\annas\AppData\Local\Programs\Python\Python311\Lib\site-packages\laspy\point\record.py", line 229, in __getattr__
    return self[item]
           ~~~~^^^^^^
  File "C:\Users\annas\AppData\Local\Programs\Python\Python311\Lib\site-packages\laspy\point\record.py", line 185, in __getitem__
    composed_dim, sub_field = self.sub_fields_dict[item]
                              ^^^^^^^^^^^^^^^^^^^^
  File "C:\Users\annas\AppData\Local\Programs\Python\Python311\Lib\site-packages\laspy\point\record.py", line 229, in __getattr__
    return self[item]
           ~~~~^^^^^^
  File "C:\Users\annas\AppData\Local\Programs\Python\Python311\Lib\site-packages\laspy\point\record.py", line 185, in __getitem__
    composed_dim, sub_field = self.sub_fields_dict[item]
                              ^^^^^^^^^^^^^^^^^^^^
  File "C:\Users\annas\AppData\Local\Programs\Python\Python311\Lib\site-packages\laspy\point\record.py", line 229, in __getattr__
    return self[item]
           ~~~~^^^^^^
  File "C:\Users\annas\AppData\Local\Programs\Python\Python311\Lib\site-packages\laspy\point\record.py", line 185, in __getitem__
    composed_dim, sub_field = self.sub_fields_dict[item]
                              ^^^^^^^^^^^^^^^^^^^^
  File "C:\Users\annas\AppData\Local\Programs\Python\Python311\Lib\site-packages\laspy\point\record.py", line 229, in __getattr__
    return self[item]
           ~~~~^^^^^^
  File "C:\Users\annas\AppData\Local\Programs\Python\Python311\Lib\site-packages\laspy\point\record.py", line 185, in __getitem__
    composed_dim, sub_field = self.sub_fields_dict[item]
                              ^^^^^^^^^^^^^^^^^^^^
  File "C:\Users\annas\AppData\Local\Programs\Python\Python311\Lib\site-packages\laspy\point\record.py", line 229, in __getattr__
    return self[item]
           ~~~~^^^^^^
  File "C:\Users\annas\AppData\Local\Programs\Python\Python311\Lib\site-packages\laspy\point\record.py", line 185, in __getitem__
    composed_dim, sub_field = self.sub_fields_dict[item]
                              ^^^^^^^^^^^^^^^^^^^^
  File "C:\Users\annas\AppData\Local\Programs\Python\Python311\Lib\site-packages\laspy\point\record.py", line 229, in __getattr__
    return self[item]
           ~~~~^^^^^^
  File "C:\Users\annas\AppData\Local\Programs\Python\Python311\Lib\site-packages\laspy\point\record.py", line 185, in __getitem__
    composed_dim, sub_field = self.sub_fields_dict[item]
                              ^^^^^^^^^^^^^^^^^^^^
  File "C:\Users\annas\AppData\Local\Programs\Python\Python311\Lib\site-packages\laspy\point\record.py", line 229, in __getattr__
    return self[item]
           ~~~~^^^^^^
  File "C:\Users\annas\AppData\Local\Programs\Python\Python311\Lib\site-packages\laspy\point\record.py", line 185, in __getitem__
    composed_dim, sub_field = self.sub_fields_dict[item]
                              ^^^^^^^^^^^^^^^^^^^^
  File "C:\Users\annas\AppData\Local\Programs\Python\Python311\Lib\site-packages\laspy\point\record.py", line 229, in __getattr__
    return self[item]
           ~~~~^^^^^^
  File "C:\Users\annas\AppData\Local\Programs\Python\Python311\Lib\site-packages\laspy\point\record.py", line 185, in __getitem__
    composed_dim, sub_field = self.sub_fields_dict[item]
                              ^^^^^^^^^^^^^^^^^^^^
  File "C:\Users\annas\AppData\Local\Programs\Python\Python311\Lib\site-packages\laspy\point\record.py", line 229, in __getattr__
    return self[item]
           ~~~~^^^^^^
  File "C:\Users\annas\AppData\Local\Programs\Python\Python311\Lib\site-packages\laspy\point\record.py", line 185, in __getitem__
    composed_dim, sub_field = self.sub_fields_dict[item]
                              ^^^^^^^^^^^^^^^^^^^^
  File "C:\Users\annas\AppData\Local\Programs\Python\Python311\Lib\site-packages\laspy\point\record.py", line 229, in __getattr__
    return self[item]
           ~~~~^^^^^^
  File "C:\Users\annas\AppData\Local\Programs\Python\Python311\Lib\site-packages\laspy\point\record.py", line 185, in __getitem__
    composed_dim, sub_field = self.sub_fields_dict[item]
                              ^^^^^^^^^^^^^^^^^^^^
  File "C:\Users\annas\AppData\Local\Programs\Python\Python311\Lib\site-packages\laspy\point\record.py", line 229, in __getattr__
    return self[item]
           ~~~~^^^^^^
  File "C:\Users\annas\AppData\Local\Programs\Python\Python311\Lib\site-packages\laspy\point\record.py", line 185, in __getitem__
    composed_dim, sub_field = self.sub_fields_dict[item]
                              ^^^^^^^^^^^^^^^^^^^^
  File "C:\Users\annas\AppData\Local\Programs\Python\Python311\Lib\site-packages\laspy\point\record.py", line 229, in __getattr__
    return self[item]
           ~~~~^^^^^^
  File "C:\Users\annas\AppData\Local\Programs\Python\Python311\Lib\site-packages\laspy\point\record.py", line 185, in __getitem__
    composed_dim, sub_field = self.sub_fields_dict[item]
                              ^^^^^^^^^^^^^^^^^^^^
  File "C:\Users\annas\AppData\Local\Programs\Python\Python311\Lib\site-packages\laspy\point\record.py", line 229, in __getattr__
    return self[item]
           ~~~~^^^^^^
  File "C:\Users\annas\AppData\Local\Programs\Python\Python311\Lib\site-packages\laspy\point\record.py", line 185, in __getitem__
    composed_dim, sub_field = self.sub_fields_dict[item]
                              ^^^^^^^^^^^^^^^^^^^^
  File "C:\Users\annas\AppData\Local\Programs\Python\Python311\Lib\site-packages\laspy\point\record.py", line 229, in __getattr__
    return self[item]
           ~~~~^^^^^^
  File "C:\Users\annas\AppData\Local\Programs\Python\Python311\Lib\site-packages\laspy\point\record.py", line 185, in __getitem__
    composed_dim, sub_field = self.sub_fields_dict[item]
                              ^^^^^^^^^^^^^^^^^^^^
  File "C:\Users\annas\AppData\Local\Programs\Python\Python311\Lib\site-packages\laspy\point\record.py", line 229, in __getattr__
    return self[item]
           ~~~~^^^^^^
  File "C:\Users\annas\AppData\Local\Programs\Python\Python311\Lib\site-packages\laspy\point\record.py", line 185, in __getitem__
    composed_dim, sub_field = self.sub_fields_dict[item]
                              ^^^^^^^^^^^^^^^^^^^^
  File "C:\Users\annas\AppData\Local\Programs\Python\Python311\Lib\site-packages\laspy\point\record.py", line 229, in __getattr__
    return self[item]
           ~~~~^^^^^^
  File "C:\Users\annas\AppData\Local\Programs\Python\Python311\Lib\site-packages\laspy\point\record.py", line 185, in __getitem__
    composed_dim, sub_field = self.sub_fields_dict[item]
                              ^^^^^^^^^^^^^^^^^^^^
  File "C:\Users\annas\AppData\Local\Programs\Python\Python311\Lib\site-packages\laspy\point\record.py", line 229, in __getattr__
    return self[item]
           ~~~~^^^^^^
  File "C:\Users\annas\AppData\Local\Programs\Python\Python311\Lib\site-packages\laspy\point\record.py", line 185, in __getitem__
    composed_dim, sub_field = self.sub_fields_dict[item]
                              ^^^^^^^^^^^^^^^^^^^^
  File "C:\Users\annas\AppData\Local\Programs\Python\Python311\Lib\site-packages\laspy\point\record.py", line 229, in __getattr__
    return self[item]
           ~~~~^^^^^^
  File "C:\Users\annas\AppData\Local\Programs\Python\Python311\Lib\site-packages\laspy\point\record.py", line 185, in __getitem__
    composed_dim, sub_field = self.sub_fields_dict[item]
                              ^^^^^^^^^^^^^^^^^^^^
  File "C:\Users\annas\AppData\Local\Programs\Python\Python311\Lib\site-packages\laspy\point\record.py", line 229, in __getattr__
    return self[item]
           ~~~~^^^^^^
  File "C:\Users\annas\AppData\Local\Programs\Python\Python311\Lib\site-packages\laspy\point\record.py", line 185, in __getitem__
    composed_dim, sub_field = self.sub_fields_dict[item]
                              ^^^^^^^^^^^^^^^^^^^^
  File "C:\Users\annas\AppData\Local\Programs\Python\Python311\Lib\site-packages\laspy\point\record.py", line 229, in __getattr__
    return self[item]
           ~~~~^^^^^^
  File "C:\Users\annas\AppData\Local\Programs\Python\Python311\Lib\site-packages\laspy\point\record.py", line 185, in __getitem__
    composed_dim, sub_field = self.sub_fields_dict[item]
                              ^^^^^^^^^^^^^^^^^^^^
  File "C:\Users\annas\AppData\Local\Programs\Python\Python311\Lib\site-packages\laspy\point\record.py", line 229, in __getattr__
    return self[item]
           ~~~~^^^^^^
  File "C:\Users\annas\AppData\Local\Programs\Python\Python311\Lib\site-packages\laspy\point\record.py", line 185, in __getitem__
    composed_dim, sub_field = self.sub_fields_dict[item]
                              ^^^^^^^^^^^^^^^^^^^^
  File "C:\Users\annas\AppData\Local\Programs\Python\Python311\Lib\site-packages\laspy\point\record.py", line 229, in __getattr__
    return self[item]
           ~~~~^^^^^^
  File "C:\Users\annas\AppData\Local\Programs\Python\Python311\Lib\site-packages\laspy\point\record.py", line 185, in __getitem__
    composed_dim, sub_field = self.sub_fields_dict[item]
                              ^^^^^^^^^^^^^^^^^^^^
  File "C:\Users\annas\AppData\Local\Programs\Python\Python311\Lib\site-packages\laspy\point\record.py", line 229, in __getattr__
    return self[item]
           ~~~~^^^^^^
  File "C:\Users\annas\AppData\Local\Programs\Python\Python311\Lib\site-packages\laspy\point\record.py", line 185, in __getitem__
    composed_dim, sub_field = self.sub_fields_dict[item]
                              ^^^^^^^^^^^^^^^^^^^^
  File "C:\Users\annas\AppData\Local\Programs\Python\Python311\Lib\site-packages\laspy\point\record.py", line 229, in __getattr__
    return self[item]
           ~~~~^^^^^^
  File "C:\Users\annas\AppData\Local\Programs\Python\Python311\Lib\site-packages\laspy\point\record.py", line 185, in __getitem__
    composed_dim, sub_field = self.sub_fields_dict[item]
                              ^^^^^^^^^^^^^^^^^^^^
  File "C:\Users\annas\AppData\Local\Programs\Python\Python311\Lib\site-packages\laspy\point\record.py", line 229, in __getattr__
    return self[item]
           ~~~~^^^^^^
  File "C:\Users\annas\AppData\Local\Programs\Python\Python311\Lib\site-packages\laspy\point\record.py", line 185, in __getitem__
    composed_dim, sub_field = self.sub_fields_dict[item]
                              ^^^^^^^^^^^^^^^^^^^^
  File "C:\Users\annas\AppData\Local\Programs\Python\Python311\Lib\site-packages\laspy\point\record.py", line 229, in __getattr__
    return self[item]
           ~~~~^^^^^^
  File "C:\Users\annas\AppData\Local\Programs\Python\Python311\Lib\site-packages\laspy\point\record.py", line 185, in __getitem__
    composed_dim, sub_field = self.sub_fields_dict[item]
                              ^^^^^^^^^^^^^^^^^^^^
  File "C:\Users\annas\AppData\Local\Programs\Python\Python311\Lib\site-packages\laspy\point\record.py", line 229, in __getattr__
    return self[item]
           ~~~~^^^^^^
  File "C:\Users\annas\AppData\Local\Programs\Python\Python311\Lib\site-packages\laspy\point\record.py", line 185, in __getitem__
    composed_dim, sub_field = self.sub_fields_dict[item]
                              ^^^^^^^^^^^^^^^^^^^^
  File "C:\Users\annas\AppData\Local\Programs\Python\Python311\Lib\site-packages\laspy\point\record.py", line 229, in __getattr__
    return self[item]
           ~~~~^^^^^^
  File "C:\Users\annas\AppData\Local\Programs\Python\Python311\Lib\site-packages\laspy\point\record.py", line 185, in __getitem__
    composed_dim, sub_field = self.sub_fields_dict[item]
                              ^^^^^^^^^^^^^^^^^^^^
  File "C:\Users\annas\AppData\Local\Programs\Python\Python311\Lib\site-packages\laspy\point\record.py", line 229, in __getattr__
    return self[item]
           ~~~~^^^^^^
  File "C:\Users\annas\AppData\Local\Programs\Python\Python311\Lib\site-packages\laspy\point\record.py", line 185, in __getitem__
    composed_dim, sub_field = self.sub_fields_dict[item]
                              ^^^^^^^^^^^^^^^^^^^^
  File "C:\Users\annas\AppData\Local\Programs\Python\Python311\Lib\site-packages\laspy\point\record.py", line 229, in __getattr__
    return self[item]
           ~~~~^^^^^^
  File "C:\Users\annas\AppData\Local\Programs\Python\Python311\Lib\site-packages\laspy\point\record.py", line 185, in __getitem__
    composed_dim, sub_field = self.sub_fields_dict[item]
                              ^^^^^^^^^^^^^^^^^^^^
  File "C:\Users\annas\AppData\Local\Programs\Python\Python311\Lib\site-packages\laspy\point\record.py", line 229, in __getattr__
    return self[item]
           ~~~~^^^^^^
  File "C:\Users\annas\AppData\Local\Programs\Python\Python311\Lib\site-packages\laspy\point\record.py", line 185, in __getitem__
    composed_dim, sub_field = self.sub_fields_dict[item]
                              ^^^^^^^^^^^^^^^^^^^^
  File "C:\Users\annas\AppData\Local\Programs\Python\Python311\Lib\site-packages\laspy\point\record.py", line 229, in __getattr__
    return self[item]
           ~~~~^^^^^^
  File "C:\Users\annas\AppData\Local\Programs\Python\Python311\Lib\site-packages\laspy\point\record.py", line 185, in __getitem__
    composed_dim, sub_field = self.sub_fields_dict[item]
                              ^^^^^^^^^^^^^^^^^^^^
  File "C:\Users\annas\AppData\Local\Programs\Python\Python311\Lib\site-packages\laspy\point\record.py", line 229, in __getattr__
    return self[item]
           ~~~~^^^^^^
  File "C:\Users\annas\AppData\Local\Programs\Python\Python311\Lib\site-packages\laspy\point\record.py", line 185, in __getitem__
    composed_dim, sub_field = self.sub_fields_dict[item]
                              ^^^^^^^^^^^^^^^^^^^^
  File "C:\Users\annas\AppData\Local\Programs\Python\Python311\Lib\site-packages\laspy\point\record.py", line 229, in __getattr__
    return self[item]
           ~~~~^^^^^^
  File "C:\Users\annas\AppData\Local\Programs\Python\Python311\Lib\site-packages\laspy\point\record.py", line 185, in __getitem__
    composed_dim, sub_field = self.sub_fields_dict[item]
                              ^^^^^^^^^^^^^^^^^^^^
  File "C:\Users\annas\AppData\Local\Programs\Python\Python311\Lib\site-packages\laspy\point\record.py", line 229, in __getattr__
    return self[item]
           ~~~~^^^^^^
  File "C:\Users\annas\AppData\Local\Programs\Python\Python311\Lib\site-packages\laspy\point\record.py", line 185, in __getitem__
    composed_dim, sub_field = self.sub_fields_dict[item]
                              ^^^^^^^^^^^^^^^^^^^^
  File "C:\Users\annas\AppData\Local\Programs\Python\Python311\Lib\site-packages\laspy\point\record.py", line 229, in __getattr__
    return self[item]
           ~~~~^^^^^^
  File "C:\Users\annas\AppData\Local\Programs\Python\Python311\Lib\site-packages\laspy\point\record.py", line 185, in __getitem__
    composed_dim, sub_field = self.sub_fields_dict[item]
                              ^^^^^^^^^^^^^^^^^^^^
  File "C:\Users\annas\AppData\Local\Programs\Python\Python311\Lib\site-packages\laspy\point\record.py", line 229, in __getattr__
    return self[item]
           ~~~~^^^^^^
  File "C:\Users\annas\AppData\Local\Programs\Python\Python311\Lib\site-packages\laspy\point\record.py", line 185, in __getitem__
    composed_dim, sub_field = self.sub_fields_dict[item]
                              ^^^^^^^^^^^^^^^^^^^^
  File "C:\Users\annas\AppData\Local\Programs\Python\Python311\Lib\site-packages\laspy\point\record.py", line 229, in __getattr__
    return self[item]
           ~~~~^^^^^^
  File "C:\Users\annas\AppData\Local\Programs\Python\Python311\Lib\site-packages\laspy\point\record.py", line 185, in __getitem__
    composed_dim, sub_field = self.sub_fields_dict[item]
                              ^^^^^^^^^^^^^^^^^^^^
  File "C:\Users\annas\AppData\Local\Programs\Python\Python311\Lib\site-packages\laspy\point\record.py", line 229, in __getattr__
    return self[item]
           ~~~~^^^^^^
  File "C:\Users\annas\AppData\Local\Programs\Python\Python311\Lib\site-packages\laspy\point\record.py", line 185, in __getitem__
    composed_dim, sub_field = self.sub_fields_dict[item]
                              ^^^^^^^^^^^^^^^^^^^^
  File "C:\Users\annas\AppData\Local\Programs\Python\Python311\Lib\site-packages\laspy\point\record.py", line 229, in __getattr__
    return self[item]
           ~~~~^^^^^^
  File "C:\Users\annas\AppData\Local\Programs\Python\Python311\Lib\site-packages\laspy\point\record.py", line 185, in __getitem__
    composed_dim, sub_field = self.sub_fields_dict[item]
                              ^^^^^^^^^^^^^^^^^^^^
  File "C:\Users\annas\AppData\Local\Programs\Python\Python311\Lib\site-packages\laspy\point\record.py", line 229, in __getattr__
    return self[item]
           ~~~~^^^^^^
  File "C:\Users\annas\AppData\Local\Programs\Python\Python311\Lib\site-packages\laspy\point\record.py", line 185, in __getitem__
    composed_dim, sub_field = self.sub_fields_dict[item]
                              ^^^^^^^^^^^^^^^^^^^^
  File "C:\Users\annas\AppData\Local\Programs\Python\Python311\Lib\site-packages\laspy\point\record.py", line 229, in __getattr__
    return self[item]
           ~~~~^^^^^^
  File "C:\Users\annas\AppData\Local\Programs\Python\Python311\Lib\site-packages\laspy\point\record.py", line 185, in __getitem__
    composed_dim, sub_field = self.sub_fields_dict[item]
                              ^^^^^^^^^^^^^^^^^^^^
  File "C:\Users\annas\AppData\Local\Programs\Python\Python311\Lib\site-packages\laspy\point\record.py", line 229, in __getattr__
    return self[item]
           ~~~~^^^^^^
  File "C:\Users\annas\AppData\Local\Programs\Python\Python311\Lib\site-packages\laspy\point\record.py", line 185, in __getitem__
    composed_dim, sub_field = self.sub_fields_dict[item]
                              ^^^^^^^^^^^^^^^^^^^^
  File "C:\Users\annas\AppData\Local\Programs\Python\Python311\Lib\site-packages\laspy\point\record.py", line 229, in __getattr__
    return self[item]
           ~~~~^^^^^^
  File "C:\Users\annas\AppData\Local\Programs\Python\Python311\Lib\site-packages\laspy\point\record.py", line 185, in __getitem__
    composed_dim, sub_field = self.sub_fields_dict[item]
                              ^^^^^^^^^^^^^^^^^^^^
  File "C:\Users\annas\AppData\Local\Programs\Python\Python311\Lib\site-packages\laspy\point\record.py", line 229, in __getattr__
    return self[item]
           ~~~~^^^^^^
  File "C:\Users\annas\AppData\Local\Programs\Python\Python311\Lib\site-packages\laspy\point\record.py", line 185, in __getitem__
    composed_dim, sub_field = self.sub_fields_dict[item]
                              ^^^^^^^^^^^^^^^^^^^^
  File "C:\Users\annas\AppData\Local\Programs\Python\Python311\Lib\site-packages\laspy\point\record.py", line 229, in __getattr__
    return self[item]
           ~~~~^^^^^^
  File "C:\Users\annas\AppData\Local\Programs\Python\Python311\Lib\site-packages\laspy\point\record.py", line 185, in __getitem__
    composed_dim, sub_field = self.sub_fields_dict[item]
                              ^^^^^^^^^^^^^^^^^^^^
  File "C:\Users\annas\AppData\Local\Programs\Python\Python311\Lib\site-packages\laspy\point\record.py", line 229, in __getattr__
    return self[item]
           ~~~~^^^^^^
  File "C:\Users\annas\AppData\Local\Programs\Python\Python311\Lib\site-packages\laspy\point\record.py", line 185, in __getitem__
    composed_dim, sub_field = self.sub_fields_dict[item]
                              ^^^^^^^^^^^^^^^^^^^^
  File "C:\Users\annas\AppData\Local\Programs\Python\Python311\Lib\site-packages\laspy\point\record.py", line 229, in __getattr__
    return self[item]
           ~~~~^^^^^^
  File "C:\Users\annas\AppData\Local\Programs\Python\Python311\Lib\site-packages\laspy\point\record.py", line 185, in __getitem__
    composed_dim, sub_field = self.sub_fields_dict[item]
                              ^^^^^^^^^^^^^^^^^^^^
  File "C:\Users\annas\AppData\Local\Programs\Python\Python311\Lib\site-packages\laspy\point\record.py", line 229, in __getattr__
    return self[item]
           ~~~~^^^^^^
  File "C:\Users\annas\AppData\Local\Programs\Python\Python311\Lib\site-packages\laspy\point\record.py", line 185, in __getitem__
    composed_dim, sub_field = self.sub_fields_dict[item]
                              ^^^^^^^^^^^^^^^^^^^^
  File "C:\Users\annas\AppData\Local\Programs\Python\Python311\Lib\site-packages\laspy\point\record.py", line 229, in __getattr__
    return self[item]
           ~~~~^^^^^^
  File "C:\Users\annas\AppData\Local\Programs\Python\Python311\Lib\site-packages\laspy\point\record.py", line 185, in __getitem__
    composed_dim, sub_field = self.sub_fields_dict[item]
                              ^^^^^^^^^^^^^^^^^^^^
  File "C:\Users\annas\AppData\Local\Programs\Python\Python311\Lib\site-packages\laspy\point\record.py", line 229, in __getattr__
    return self[item]
           ~~~~^^^^^^
  File "C:\Users\annas\AppData\Local\Programs\Python\Python311\Lib\site-packages\laspy\point\record.py", line 185, in __getitem__
    composed_dim, sub_field = self.sub_fields_dict[item]
                              ^^^^^^^^^^^^^^^^^^^^
  File "C:\Users\annas\AppData\Local\Programs\Python\Python311\Lib\site-packages\laspy\point\record.py", line 229, in __getattr__
    return self[item]
           ~~~~^^^^^^
  File "C:\Users\annas\AppData\Local\Programs\Python\Python311\Lib\site-packages\laspy\point\record.py", line 185, in __getitem__
    composed_dim, sub_field = self.sub_fields_dict[item]
                              ^^^^^^^^^^^^^^^^^^^^
  File "C:\Users\annas\AppData\Local\Programs\Python\Python311\Lib\site-packages\laspy\point\record.py", line 229, in __getattr__
    return self[item]
           ~~~~^^^^^^
  File "C:\Users\annas\AppData\Local\Programs\Python\Python311\Lib\site-packages\laspy\point\record.py", line 185, in __getitem__
    composed_dim, sub_field = self.sub_fields_dict[item]
                              ^^^^^^^^^^^^^^^^^^^^
  File "C:\Users\annas\AppData\Local\Programs\Python\Python311\Lib\site-packages\laspy\point\record.py", line 229, in __getattr__
    return self[item]
           ~~~~^^^^^^
  File "C:\Users\annas\AppData\Local\Programs\Python\Python311\Lib\site-packages\laspy\point\record.py", line 185, in __getitem__
    composed_dim, sub_field = self.sub_fields_dict[item]
                              ^^^^^^^^^^^^^^^^^^^^
  File "C:\Users\annas\AppData\Local\Programs\Python\Python311\Lib\site-packages\laspy\point\record.py", line 229, in __getattr__
    return self[item]
           ~~~~^^^^^^
  File "C:\Users\annas\AppData\Local\Programs\Python\Python311\Lib\site-packages\laspy\point\record.py", line 185, in __getitem__
    composed_dim, sub_field = self.sub_fields_dict[item]
                              ^^^^^^^^^^^^^^^^^^^^
  File "C:\Users\annas\AppData\Local\Programs\Python\Python311\Lib\site-packages\laspy\point\record.py", line 229, in __getattr__
    return self[item]
           ~~~~^^^^^^
  File "C:\Users\annas\AppData\Local\Programs\Python\Python311\Lib\site-packages\laspy\point\record.py", line 185, in __getitem__
    composed_dim, sub_field = self.sub_fields_dict[item]
                              ^^^^^^^^^^^^^^^^^^^^
  File "C:\Users\annas\AppData\Local\Programs\Python\Python311\Lib\site-packages\laspy\point\record.py", line 229, in __getattr__
    return self[item]
           ~~~~^^^^^^
  File "C:\Users\annas\AppData\Local\Programs\Python\Python311\Lib\site-packages\laspy\point\record.py", line 185, in __getitem__
    composed_dim, sub_field = self.sub_fields_dict[item]
                              ^^^^^^^^^^^^^^^^^^^^
  File "C:\Users\annas\AppData\Local\Programs\Python\Python311\Lib\site-packages\laspy\point\record.py", line 229, in __getattr__
    return self[item]
           ~~~~^^^^^^
  File "C:\Users\annas\AppData\Local\Programs\Python\Python311\Lib\site-packages\laspy\point\record.py", line 185, in __getitem__
    composed_dim, sub_field = self.sub_fields_dict[item]
                              ^^^^^^^^^^^^^^^^^^^^
  File "C:\Users\annas\AppData\Local\Programs\Python\Python311\Lib\site-packages\laspy\point\record.py", line 229, in __getattr__
    return self[item]
           ~~~~^^^^^^
  File "C:\Users\annas\AppData\Local\Programs\Python\Python311\Lib\site-packages\laspy\point\record.py", line 185, in __getitem__
    composed_dim, sub_field = self.sub_fields_dict[item]
                              ^^^^^^^^^^^^^^^^^^^^
  File "C:\Users\annas\AppData\Local\Programs\Python\Python311\Lib\site-packages\laspy\point\record.py", line 229, in __getattr__
    return self[item]
           ~~~~^^^^^^
  File "C:\Users\annas\AppData\Local\Programs\Python\Python311\Lib\site-packages\laspy\point\record.py", line 185, in __getitem__
    composed_dim, sub_field = self.sub_fields_dict[item]
                              ^^^^^^^^^^^^^^^^^^^^
  File "C:\Users\annas\AppData\Local\Programs\Python\Python311\Lib\site-packages\laspy\point\record.py", line 229, in __getattr__
    return self[item]
           ~~~~^^^^^^
  File "C:\Users\annas\AppData\Local\Programs\Python\Python311\Lib\site-packages\laspy\point\record.py", line 185, in __getitem__
    composed_dim, sub_field = self.sub_fields_dict[item]
                              ^^^^^^^^^^^^^^^^^^^^
  File "C:\Users\annas\AppData\Local\Programs\Python\Python311\Lib\site-packages\laspy\point\record.py", line 229, in __getattr__
    return self[item]
           ~~~~^^^^^^
  File "C:\Users\annas\AppData\Local\Programs\Python\Python311\Lib\site-packages\laspy\point\record.py", line 185, in __getitem__
    composed_dim, sub_field = self.sub_fields_dict[item]
                              ^^^^^^^^^^^^^^^^^^^^
  File "C:\Users\annas\AppData\Local\Programs\Python\Python311\Lib\site-packages\laspy\point\record.py", line 229, in __getattr__
    return self[item]
           ~~~~^^^^^^
  File "C:\Users\annas\AppData\Local\Programs\Python\Python311\Lib\site-packages\laspy\point\record.py", line 185, in __getitem__
    composed_dim, sub_field = self.sub_fields_dict[item]
                              ^^^^^^^^^^^^^^^^^^^^
  File "C:\Users\annas\AppData\Local\Programs\Python\Python311\Lib\site-packages\laspy\point\record.py", line 229, in __getattr__
    return self[item]
           ~~~~^^^^^^
  File "C:\Users\annas\AppData\Local\Programs\Python\Python311\Lib\site-packages\laspy\point\record.py", line 185, in __getitem__
    composed_dim, sub_field = self.sub_fields_dict[item]
                              ^^^^^^^^^^^^^^^^^^^^
  File "C:\Users\annas\AppData\Local\Programs\Python\Python311\Lib\site-packages\laspy\point\record.py", line 229, in __getattr__
    return self[item]
           ~~~~^^^^^^
  File "C:\Users\annas\AppData\Local\Programs\Python\Python311\Lib\site-packages\laspy\point\record.py", line 185, in __getitem__
    composed_dim, sub_field = self.sub_fields_dict[item]
                              ^^^^^^^^^^^^^^^^^^^^
  File "C:\Users\annas\AppData\Local\Programs\Python\Python311\Lib\site-packages\laspy\point\record.py", line 229, in __getattr__
    return self[item]
           ~~~~^^^^^^
  File "C:\Users\annas\AppData\Local\Programs\Python\Python311\Lib\site-packages\laspy\point\record.py", line 185, in __getitem__
    composed_dim, sub_field = self.sub_fields_dict[item]
                              ^^^^^^^^^^^^^^^^^^^^
  File "C:\Users\annas\AppData\Local\Programs\Python\Python311\Lib\site-packages\laspy\point\record.py", line 229, in __getattr__
    return self[item]
           ~~~~^^^^^^
  File "C:\Users\annas\AppData\Local\Programs\Python\Python311\Lib\site-packages\laspy\point\record.py", line 185, in __getitem__
    composed_dim, sub_field = self.sub_fields_dict[item]
                              ^^^^^^^^^^^^^^^^^^^^
  File "C:\Users\annas\AppData\Local\Programs\Python\Python311\Lib\site-packages\laspy\point\record.py", line 229, in __getattr__
    return self[item]
           ~~~~^^^^^^
  File "C:\Users\annas\AppData\Local\Programs\Python\Python311\Lib\site-packages\laspy\point\record.py", line 185, in __getitem__
    composed_dim, sub_field = self.sub_fields_dict[item]
                              ^^^^^^^^^^^^^^^^^^^^
  File "C:\Users\annas\AppData\Local\Programs\Python\Python311\Lib\site-packages\laspy\point\record.py", line 229, in __getattr__
    return self[item]
           ~~~~^^^^^^
  File "C:\Users\annas\AppData\Local\Programs\Python\Python311\Lib\site-packages\laspy\point\record.py", line 185, in __getitem__
    composed_dim, sub_field = self.sub_fields_dict[item]
                              ^^^^^^^^^^^^^^^^^^^^
  File "C:\Users\annas\AppData\Local\Programs\Python\Python311\Lib\site-packages\laspy\point\record.py", line 229, in __getattr__
    return self[item]
           ~~~~^^^^^^
  File "C:\Users\annas\AppData\Local\Programs\Python\Python311\Lib\site-packages\laspy\point\record.py", line 185, in __getitem__
    composed_dim, sub_field = self.sub_fields_dict[item]
                              ^^^^^^^^^^^^^^^^^^^^
  File "C:\Users\annas\AppData\Local\Programs\Python\Python311\Lib\site-packages\laspy\point\record.py", line 229, in __getattr__
    return self[item]
           ~~~~^^^^^^
  File "C:\Users\annas\AppData\Local\Programs\Python\Python311\Lib\site-packages\laspy\point\record.py", line 185, in __getitem__
    composed_dim, sub_field = self.sub_fields_dict[item]
                              ^^^^^^^^^^^^^^^^^^^^
  File "C:\Users\annas\AppData\Local\Programs\Python\Python311\Lib\site-packages\laspy\point\record.py", line 229, in __getattr__
    return self[item]
           ~~~~^^^^^^
  File "C:\Users\annas\AppData\Local\Programs\Python\Python311\Lib\site-packages\laspy\point\record.py", line 185, in __getitem__
    composed_dim, sub_field = self.sub_fields_dict[item]
                              ^^^^^^^^^^^^^^^^^^^^
  File "C:\Users\annas\AppData\Local\Programs\Python\Python311\Lib\site-packages\laspy\point\record.py", line 229, in __getattr__
    return self[item]
           ~~~~^^^^^^
  File "C:\Users\annas\AppData\Local\Programs\Python\Python311\Lib\site-packages\laspy\point\record.py", line 185, in __getitem__
    composed_dim, sub_field = self.sub_fields_dict[item]
                              ^^^^^^^^^^^^^^^^^^^^
  File "C:\Users\annas\AppData\Local\Programs\Python\Python311\Lib\site-packages\laspy\point\record.py", line 229, in __getattr__
    return self[item]
           ~~~~^^^^^^
  File "C:\Users\annas\AppData\Local\Programs\Python\Python311\Lib\site-packages\laspy\point\record.py", line 185, in __getitem__
    composed_dim, sub_field = self.sub_fields_dict[item]
                              ^^^^^^^^^^^^^^^^^^^^
  File "C:\Users\annas\AppData\Local\Programs\Python\Python311\Lib\site-packages\laspy\point\record.py", line 229, in __getattr__
    return self[item]
           ~~~~^^^^^^
  File "C:\Users\annas\AppData\Local\Programs\Python\Python311\Lib\site-packages\laspy\point\record.py", line 185, in __getitem__
    composed_dim, sub_field = self.sub_fields_dict[item]
                              ^^^^^^^^^^^^^^^^^^^^
  File "C:\Users\annas\AppData\Local\Programs\Python\Python311\Lib\site-packages\laspy\point\record.py", line 229, in __getattr__
    return self[item]
           ~~~~^^^^^^
  File "C:\Users\annas\AppData\Local\Programs\Python\Python311\Lib\site-packages\laspy\point\record.py", line 185, in __getitem__
    composed_dim, sub_field = self.sub_fields_dict[item]
                              ^^^^^^^^^^^^^^^^^^^^
  File "C:\Users\annas\AppData\Local\Programs\Python\Python311\Lib\site-packages\laspy\point\record.py", line 229, in __getattr__
    return self[item]
           ~~~~^^^^^^
  File "C:\Users\annas\AppData\Local\Programs\Python\Python311\Lib\site-packages\laspy\point\record.py", line 185, in __getitem__
    composed_dim, sub_field = self.sub_fields_dict[item]
                              ^^^^^^^^^^^^^^^^^^^^
  File "C:\Users\annas\AppData\Local\Programs\Python\Python311\Lib\site-packages\laspy\point\record.py", line 229, in __getattr__
    return self[item]
           ~~~~^^^^^^
  File "C:\Users\annas\AppData\Local\Programs\Python\Python311\Lib\site-packages\laspy\point\record.py", line 185, in __getitem__
    composed_dim, sub_field = self.sub_fields_dict[item]
                              ^^^^^^^^^^^^^^^^^^^^
  File "C:\Users\annas\AppData\Local\Programs\Python\Python311\Lib\site-packages\laspy\point\record.py", line 229, in __getattr__
    return self[item]
           ~~~~^^^^^^
  File "C:\Users\annas\AppData\Local\Programs\Python\Python311\Lib\site-packages\laspy\point\record.py", line 185, in __getitem__
    composed_dim, sub_field = self.sub_fields_dict[item]
                              ^^^^^^^^^^^^^^^^^^^^
  File "C:\Users\annas\AppData\Local\Programs\Python\Python311\Lib\site-packages\laspy\point\record.py", line 229, in __getattr__
    return self[item]
           ~~~~^^^^^^
  File "C:\Users\annas\AppData\Local\Programs\Python\Python311\Lib\site-packages\laspy\point\record.py", line 185, in __getitem__
    composed_dim, sub_field = self.sub_fields_dict[item]
                              ^^^^^^^^^^^^^^^^^^^^
  File "C:\Users\annas\AppData\Local\Programs\Python\Python311\Lib\site-packages\laspy\point\record.py", line 229, in __getattr__
    return self[item]
           ~~~~^^^^^^
  File "C:\Users\annas\AppData\Local\Programs\Python\Python311\Lib\site-packages\laspy\point\record.py", line 185, in __getitem__
    composed_dim, sub_field = self.sub_fields_dict[item]
                              ^^^^^^^^^^^^^^^^^^^^
  File "C:\Users\annas\AppData\Local\Programs\Python\Python311\Lib\site-packages\laspy\point\record.py", line 229, in __getattr__
    return self[item]
           ~~~~^^^^^^
  File "C:\Users\annas\AppData\Local\Programs\Python\Python311\Lib\site-packages\laspy\point\record.py", line 185, in __getitem__
    composed_dim, sub_field = self.sub_fields_dict[item]
                              ^^^^^^^^^^^^^^^^^^^^
  File "C:\Users\annas\AppData\Local\Programs\Python\Python311\Lib\site-packages\laspy\point\record.py", line 229, in __getattr__
    return self[item]
           ~~~~^^^^^^
  File "C:\Users\annas\AppData\Local\Programs\Python\Python311\Lib\site-packages\laspy\point\record.py", line 185, in __getitem__
    composed_dim, sub_field = self.sub_fields_dict[item]
                              ^^^^^^^^^^^^^^^^^^^^
  File "C:\Users\annas\AppData\Local\Programs\Python\Python311\Lib\site-packages\laspy\point\record.py", line 229, in __getattr__
    return self[item]
           ~~~~^^^^^^
  File "C:\Users\annas\AppData\Local\Programs\Python\Python311\Lib\site-packages\laspy\point\record.py", line 185, in __getitem__
    composed_dim, sub_field = self.sub_fields_dict[item]
                              ^^^^^^^^^^^^^^^^^^^^
  File "C:\Users\annas\AppData\Local\Programs\Python\Python311\Lib\site-packages\laspy\point\record.py", line 229, in __getattr__
    return self[item]
           ~~~~^^^^^^
  File "C:\Users\annas\AppData\Local\Programs\Python\Python311\Lib\site-packages\laspy\point\record.py", line 185, in __getitem__
    composed_dim, sub_field = self.sub_fields_dict[item]
                              ^^^^^^^^^^^^^^^^^^^^
  File "C:\Users\annas\AppData\Local\Programs\Python\Python311\Lib\site-packages\laspy\point\record.py", line 229, in __getattr__
    return self[item]
           ~~~~^^^^^^
  File "C:\Users\annas\AppData\Local\Programs\Python\Python311\Lib\site-packages\laspy\point\record.py", line 185, in __getitem__
    composed_dim, sub_field = self.sub_fields_dict[item]
                              ^^^^^^^^^^^^^^^^^^^^
  File "C:\Users\annas\AppData\Local\Programs\Python\Python311\Lib\site-packages\laspy\point\record.py", line 229, in __getattr__
    return self[item]
           ~~~~^^^^^^
  File "C:\Users\annas\AppData\Local\Programs\Python\Python311\Lib\site-packages\laspy\point\record.py", line 185, in __getitem__
    composed_dim, sub_field = self.sub_fields_dict[item]
                              ^^^^^^^^^^^^^^^^^^^^
  File "C:\Users\annas\AppData\Local\Programs\Python\Python311\Lib\site-packages\laspy\point\record.py", line 229, in __getattr__
    return self[item]
           ~~~~^^^^^^
  File "C:\Users\annas\AppData\Local\Programs\Python\Python311\Lib\site-packages\laspy\point\record.py", line 185, in __getitem__
    composed_dim, sub_field = self.sub_fields_dict[item]
                              ^^^^^^^^^^^^^^^^^^^^
  File "C:\Users\annas\AppData\Local\Programs\Python\Python311\Lib\site-packages\laspy\point\record.py", line 229, in __getattr__
    return self[item]
           ~~~~^^^^^^
  File "C:\Users\annas\AppData\Local\Programs\Python\Python311\Lib\site-packages\laspy\point\record.py", line 185, in __getitem__
    composed_dim, sub_field = self.sub_fields_dict[item]
                              ^^^^^^^^^^^^^^^^^^^^
  File "C:\Users\annas\AppData\Local\Programs\Python\Python311\Lib\site-packages\laspy\point\record.py", line 229, in __getattr__
    return self[item]
           ~~~~^^^^^^
  File "C:\Users\annas\AppData\Local\Programs\Python\Python311\Lib\site-packages\laspy\point\record.py", line 185, in __getitem__
    composed_dim, sub_field = self.sub_fields_dict[item]
                              ^^^^^^^^^^^^^^^^^^^^
  File "C:\Users\annas\AppData\Local\Programs\Python\Python311\Lib\site-packages\laspy\point\record.py", line 229, in __getattr__
    return self[item]
           ~~~~^^^^^^
  File "C:\Users\annas\AppData\Local\Programs\Python\Python311\Lib\site-packages\laspy\point\record.py", line 185, in __getitem__
    composed_dim, sub_field = self.sub_fields_dict[item]
                              ^^^^^^^^^^^^^^^^^^^^
  File "C:\Users\annas\AppData\Local\Programs\Python\Python311\Lib\site-packages\laspy\point\record.py", line 229, in __getattr__
    return self[item]
           ~~~~^^^^^^
  File "C:\Users\annas\AppData\Local\Programs\Python\Python311\Lib\site-packages\laspy\point\record.py", line 185, in __getitem__
    composed_dim, sub_field = self.sub_fields_dict[item]
                              ^^^^^^^^^^^^^^^^^^^^
  File "C:\Users\annas\AppData\Local\Programs\Python\Python311\Lib\site-packages\laspy\point\record.py", line 229, in __getattr__
    return self[item]
           ~~~~^^^^^^
  File "C:\Users\annas\AppData\Local\Programs\Python\Python311\Lib\site-packages\laspy\point\record.py", line 185, in __getitem__
    composed_dim, sub_field = self.sub_fields_dict[item]
                              ^^^^^^^^^^^^^^^^^^^^
  File "C:\Users\annas\AppData\Local\Programs\Python\Python311\Lib\site-packages\laspy\point\record.py", line 229, in __getattr__
    return self[item]
           ~~~~^^^^^^
  File "C:\Users\annas\AppData\Local\Programs\Python\Python311\Lib\site-packages\laspy\point\record.py", line 185, in __getitem__
    composed_dim, sub_field = self.sub_fields_dict[item]
                              ^^^^^^^^^^^^^^^^^^^^
  File "C:\Users\annas\AppData\Local\Programs\Python\Python311\Lib\site-packages\laspy\point\record.py", line 229, in __getattr__
    return self[item]
           ~~~~^^^^^^
  File "C:\Users\annas\AppData\Local\Programs\Python\Python311\Lib\site-packages\laspy\point\record.py", line 185, in __getitem__
    composed_dim, sub_field = self.sub_fields_dict[item]
                              ^^^^^^^^^^^^^^^^^^^^
  File "C:\Users\annas\AppData\Local\Programs\Python\Python311\Lib\site-packages\laspy\point\record.py", line 229, in __getattr__
    return self[item]
           ~~~~^^^^^^
  File "C:\Users\annas\AppData\Local\Programs\Python\Python311\Lib\site-packages\laspy\point\record.py", line 185, in __getitem__
    composed_dim, sub_field = self.sub_fields_dict[item]
                              ^^^^^^^^^^^^^^^^^^^^
  File "C:\Users\annas\AppData\Local\Programs\Python\Python311\Lib\site-packages\laspy\point\record.py", line 229, in __getattr__
    return self[item]
           ~~~~^^^^^^
  File "C:\Users\annas\AppData\Local\Programs\Python\Python311\Lib\site-packages\laspy\point\record.py", line 185, in __getitem__
    composed_dim, sub_field = self.sub_fields_dict[item]
                              ^^^^^^^^^^^^^^^^^^^^
  File "C:\Users\annas\AppData\Local\Programs\Python\Python311\Lib\site-packages\laspy\point\record.py", line 229, in __getattr__
    return self[item]
           ~~~~^^^^^^
  File "C:\Users\annas\AppData\Local\Programs\Python\Python311\Lib\site-packages\laspy\point\record.py", line 185, in __getitem__
    composed_dim, sub_field = self.sub_fields_dict[item]
                              ^^^^^^^^^^^^^^^^^^^^
  File "C:\Users\annas\AppData\Local\Programs\Python\Python311\Lib\site-packages\laspy\point\record.py", line 229, in __getattr__
    return self[item]
           ~~~~^^^^^^
  File "C:\Users\annas\AppData\Local\Programs\Python\Python311\Lib\site-packages\laspy\point\record.py", line 185, in __getitem__
    composed_dim, sub_field = self.sub_fields_dict[item]
                              ^^^^^^^^^^^^^^^^^^^^
  File "C:\Users\annas\AppData\Local\Programs\Python\Python311\Lib\site-packages\laspy\point\record.py", line 229, in __getattr__
    return self[item]
           ~~~~^^^^^^
  File "C:\Users\annas\AppData\Local\Programs\Python\Python311\Lib\site-packages\laspy\point\record.py", line 185, in __getitem__
    composed_dim, sub_field = self.sub_fields_dict[item]
                              ^^^^^^^^^^^^^^^^^^^^
  File "C:\Users\annas\AppData\Local\Programs\Python\Python311\Lib\site-packages\laspy\point\record.py", line 229, in __getattr__
    return self[item]
           ~~~~^^^^^^
  File "C:\Users\annas\AppData\Local\Programs\Python\Python311\Lib\site-packages\laspy\point\record.py", line 185, in __getitem__
    composed_dim, sub_field = self.sub_fields_dict[item]
                              ^^^^^^^^^^^^^^^^^^^^
  File "C:\Users\annas\AppData\Local\Programs\Python\Python311\Lib\site-packages\laspy\point\record.py", line 229, in __getattr__
    return self[item]
           ~~~~^^^^^^
  File "C:\Users\annas\AppData\Local\Programs\Python\Python311\Lib\site-packages\laspy\point\record.py", line 185, in __getitem__
    composed_dim, sub_field = self.sub_fields_dict[item]
                              ^^^^^^^^^^^^^^^^^^^^
  File "C:\Users\annas\AppData\Local\Programs\Python\Python311\Lib\site-packages\laspy\point\record.py", line 229, in __getattr__
    return self[item]
           ~~~~^^^^^^
  File "C:\Users\annas\AppData\Local\Programs\Python\Python311\Lib\site-packages\laspy\point\record.py", line 185, in __getitem__
    composed_dim, sub_field = self.sub_fields_dict[item]
                              ^^^^^^^^^^^^^^^^^^^^
  File "C:\Users\annas\AppData\Local\Programs\Python\Python311\Lib\site-packages\laspy\point\record.py", line 229, in __getattr__
    return self[item]
           ~~~~^^^^^^
  File "C:\Users\annas\AppData\Local\Programs\Python\Python311\Lib\site-packages\laspy\point\record.py", line 185, in __getitem__
    composed_dim, sub_field = self.sub_fields_dict[item]
                              ^^^^^^^^^^^^^^^^^^^^
  File "C:\Users\annas\AppData\Local\Programs\Python\Python311\Lib\site-packages\laspy\point\record.py", line 229, in __getattr__
    return self[item]
           ~~~~^^^^^^
  File "C:\Users\annas\AppData\Local\Programs\Python\Python311\Lib\site-packages\laspy\point\record.py", line 185, in __getitem__
    composed_dim, sub_field = self.sub_fields_dict[item]
                              ^^^^^^^^^^^^^^^^^^^^
  File "C:\Users\annas\AppData\Local\Programs\Python\Python311\Lib\site-packages\laspy\point\record.py", line 229, in __getattr__
    return self[item]
           ~~~~^^^^^^
  File "C:\Users\annas\AppData\Local\Programs\Python\Python311\Lib\site-packages\laspy\point\record.py", line 185, in __getitem__
    composed_dim, sub_field = self.sub_fields_dict[item]
                              ^^^^^^^^^^^^^^^^^^^^
  File "C:\Users\annas\AppData\Local\Programs\Python\Python311\Lib\site-packages\laspy\point\record.py", line 229, in __getattr__
    return self[item]
           ~~~~^^^^^^
  File "C:\Users\annas\AppData\Local\Programs\Python\Python311\Lib\site-packages\laspy\point\record.py", line 185, in __getitem__
    composed_dim, sub_field = self.sub_fields_dict[item]
                              ^^^^^^^^^^^^^^^^^^^^
  File "C:\Users\annas\AppData\Local\Programs\Python\Python311\Lib\site-packages\laspy\point\record.py", line 229, in __getattr__
    return self[item]
           ~~~~^^^^^^
  File "C:\Users\annas\AppData\Local\Programs\Python\Python311\Lib\site-packages\laspy\point\record.py", line 185, in __getitem__
    composed_dim, sub_field = self.sub_fields_dict[item]
                              ^^^^^^^^^^^^^^^^^^^^
  File "C:\Users\annas\AppData\Local\Programs\Python\Python311\Lib\site-packages\laspy\point\record.py", line 229, in __getattr__
    return self[item]
           ~~~~^^^^^^
  File "C:\Users\annas\AppData\Local\Programs\Python\Python311\Lib\site-packages\laspy\point\record.py", line 185, in __getitem__
    composed_dim, sub_field = self.sub_fields_dict[item]
                              ^^^^^^^^^^^^^^^^^^^^
  File "C:\Users\annas\AppData\Local\Programs\Python\Python311\Lib\site-packages\laspy\point\record.py", line 229, in __getattr__
    return self[item]
           ~~~~^^^^^^
  File "C:\Users\annas\AppData\Local\Programs\Python\Python311\Lib\site-packages\laspy\point\record.py", line 185, in __getitem__
    composed_dim, sub_field = self.sub_fields_dict[item]
                              ^^^^^^^^^^^^^^^^^^^^
  File "C:\Users\annas\AppData\Local\Programs\Python\Python311\Lib\site-packages\laspy\point\record.py", line 229, in __getattr__
    return self[item]
           ~~~~^^^^^^
  File "C:\Users\annas\AppData\Local\Programs\Python\Python311\Lib\site-packages\laspy\point\record.py", line 185, in __getitem__
    composed_dim, sub_field = self.sub_fields_dict[item]
                              ^^^^^^^^^^^^^^^^^^^^
  File "C:\Users\annas\AppData\Local\Programs\Python\Python311\Lib\site-packages\laspy\point\record.py", line 229, in __getattr__
    return self[item]
           ~~~~^^^^^^
  File "C:\Users\annas\AppData\Local\Programs\Python\Python311\Lib\site-packages\laspy\point\record.py", line 185, in __getitem__
    composed_dim, sub_field = self.sub_fields_dict[item]
                              ^^^^^^^^^^^^^^^^^^^^
  File "C:\Users\annas\AppData\Local\Programs\Python\Python311\Lib\site-packages\laspy\point\record.py", line 229, in __getattr__
    return self[item]
           ~~~~^^^^^^
  File "C:\Users\annas\AppData\Local\Programs\Python\Python311\Lib\site-packages\laspy\point\record.py", line 185, in __getitem__
    composed_dim, sub_field = self.sub_fields_dict[item]
                              ^^^^^^^^^^^^^^^^^^^^
  File "C:\Users\annas\AppData\Local\Programs\Python\Python311\Lib\site-packages\laspy\point\record.py", line 229, in __getattr__
    return self[item]
           ~~~~^^^^^^
  File "C:\Users\annas\AppData\Local\Programs\Python\Python311\Lib\site-packages\laspy\point\record.py", line 185, in __getitem__
    composed_dim, sub_field = self.sub_fields_dict[item]
                              ^^^^^^^^^^^^^^^^^^^^
  File "C:\Users\annas\AppData\Local\Programs\Python\Python311\Lib\site-packages\laspy\point\record.py", line 229, in __getattr__
    return self[item]
           ~~~~^^^^^^
  File "C:\Users\annas\AppData\Local\Programs\Python\Python311\Lib\site-packages\laspy\point\record.py", line 185, in __getitem__
    composed_dim, sub_field = self.sub_fields_dict[item]
                              ^^^^^^^^^^^^^^^^^^^^
  File "C:\Users\annas\AppData\Local\Programs\Python\Python311\Lib\site-packages\laspy\point\record.py", line 229, in __getattr__
    return self[item]
           ~~~~^^^^^^
  File "C:\Users\annas\AppData\Local\Programs\Python\Python311\Lib\site-packages\laspy\point\record.py", line 185, in __getitem__
    composed_dim, sub_field = self.sub_fields_dict[item]
                              ^^^^^^^^^^^^^^^^^^^^
  File "C:\Users\annas\AppData\Local\Programs\Python\Python311\Lib\site-packages\laspy\point\record.py", line 229, in __getattr__
    return self[item]
           ~~~~^^^^^^
  File "C:\Users\annas\AppData\Local\Programs\Python\Python311\Lib\site-packages\laspy\point\record.py", line 185, in __getitem__
    composed_dim, sub_field = self.sub_fields_dict[item]
                              ^^^^^^^^^^^^^^^^^^^^
  File "C:\Users\annas\AppData\Local\Programs\Python\Python311\Lib\site-packages\laspy\point\record.py", line 229, in __getattr__
    return self[item]
           ~~~~^^^^^^
  File "C:\Users\annas\AppData\Local\Programs\Python\Python311\Lib\site-packages\laspy\point\record.py", line 185, in __getitem__
    composed_dim, sub_field = self.sub_fields_dict[item]
                              ^^^^^^^^^^^^^^^^^^^^
  File "C:\Users\annas\AppData\Local\Programs\Python\Python311\Lib\site-packages\laspy\point\record.py", line 229, in __getattr__
    return self[item]
           ~~~~^^^^^^
  File "C:\Users\annas\AppData\Local\Programs\Python\Python311\Lib\site-packages\laspy\point\record.py", line 185, in __getitem__
    composed_dim, sub_field = self.sub_fields_dict[item]
                              ^^^^^^^^^^^^^^^^^^^^
  File "C:\Users\annas\AppData\Local\Programs\Python\Python311\Lib\site-packages\laspy\point\record.py", line 229, in __getattr__
    return self[item]
           ~~~~^^^^^^
  File "C:\Users\annas\AppData\Local\Programs\Python\Python311\Lib\site-packages\laspy\point\record.py", line 185, in __getitem__
    composed_dim, sub_field = self.sub_fields_dict[item]
                              ^^^^^^^^^^^^^^^^^^^^
  File "C:\Users\annas\AppData\Local\Programs\Python\Python311\Lib\site-packages\laspy\point\record.py", line 229, in __getattr__
    return self[item]
           ~~~~^^^^^^
  File "C:\Users\annas\AppData\Local\Programs\Python\Python311\Lib\site-packages\laspy\point\record.py", line 185, in __getitem__
    composed_dim, sub_field = self.sub_fields_dict[item]
                              ^^^^^^^^^^^^^^^^^^^^
  File "C:\Users\annas\AppData\Local\Programs\Python\Python311\Lib\site-packages\laspy\point\record.py", line 229, in __getattr__
    return self[item]
           ~~~~^^^^^^
  File "C:\Users\annas\AppData\Local\Programs\Python\Python311\Lib\site-packages\laspy\point\record.py", line 185, in __getitem__
    composed_dim, sub_field = self.sub_fields_dict[item]
                              ^^^^^^^^^^^^^^^^^^^^
  File "C:\Users\annas\AppData\Local\Programs\Python\Python311\Lib\site-packages\laspy\point\record.py", line 229, in __getattr__
    return self[item]
           ~~~~^^^^^^
  File "C:\Users\annas\AppData\Local\Programs\Python\Python311\Lib\site-packages\laspy\point\record.py", line 185, in __getitem__
    composed_dim, sub_field = self.sub_fields_dict[item]
                              ^^^^^^^^^^^^^^^^^^^^
  File "C:\Users\annas\AppData\Local\Programs\Python\Python311\Lib\site-packages\laspy\point\record.py", line 229, in __getattr__
    return self[item]
           ~~~~^^^^^^
  File "C:\Users\annas\AppData\Local\Programs\Python\Python311\Lib\site-packages\laspy\point\record.py", line 185, in __getitem__
    composed_dim, sub_field = self.sub_fields_dict[item]
                              ^^^^^^^^^^^^^^^^^^^^
  File "C:\Users\annas\AppData\Local\Programs\Python\Python311\Lib\site-packages\laspy\point\record.py", line 229, in __getattr__
    return self[item]
           ~~~~^^^^^^
  File "C:\Users\annas\AppData\Local\Programs\Python\Python311\Lib\site-packages\laspy\point\record.py", line 185, in __getitem__
    composed_dim, sub_field = self.sub_fields_dict[item]
                              ^^^^^^^^^^^^^^^^^^^^
  File "C:\Users\annas\AppData\Local\Programs\Python\Python311\Lib\site-packages\laspy\point\record.py", line 229, in __getattr__
    return self[item]
           ~~~~^^^^^^
  File "C:\Users\annas\AppData\Local\Programs\Python\Python311\Lib\site-packages\laspy\point\record.py", line 185, in __getitem__
    composed_dim, sub_field = self.sub_fields_dict[item]
                              ^^^^^^^^^^^^^^^^^^^^
  File "C:\Users\annas\AppData\Local\Programs\Python\Python311\Lib\site-packages\laspy\point\record.py", line 229, in __getattr__
    return self[item]
           ~~~~^^^^^^
  File "C:\Users\annas\AppData\Local\Programs\Python\Python311\Lib\site-packages\laspy\point\record.py", line 185, in __getitem__
    composed_dim, sub_field = self.sub_fields_dict[item]
                              ^^^^^^^^^^^^^^^^^^^^
  File "C:\Users\annas\AppData\Local\Programs\Python\Python311\Lib\site-packages\laspy\point\record.py", line 229, in __getattr__
    return self[item]
           ~~~~^^^^^^
  File "C:\Users\annas\AppData\Local\Programs\Python\Python311\Lib\site-packages\laspy\point\record.py", line 185, in __getitem__
    composed_dim, sub_field = self.sub_fields_dict[item]
                              ^^^^^^^^^^^^^^^^^^^^
  File "C:\Users\annas\AppData\Local\Programs\Python\Python311\Lib\site-packages\laspy\point\record.py", line 229, in __getattr__
    return self[item]
           ~~~~^^^^^^
  File "C:\Users\annas\AppData\Local\Programs\Python\Python311\Lib\site-packages\laspy\point\record.py", line 185, in __getitem__
    composed_dim, sub_field = self.sub_fields_dict[item]
                              ^^^^^^^^^^^^^^^^^^^^
  File "C:\Users\annas\AppData\Local\Programs\Python\Python311\Lib\site-packages\laspy\point\record.py", line 229, in __getattr__
    return self[item]
           ~~~~^^^^^^
  File "C:\Users\annas\AppData\Local\Programs\Python\Python311\Lib\site-packages\laspy\point\record.py", line 185, in __getitem__
    composed_dim, sub_field = self.sub_fields_dict[item]
                              ^^^^^^^^^^^^^^^^^^^^
  File "C:\Users\annas\AppData\Local\Programs\Python\Python311\Lib\site-packages\laspy\point\record.py", line 229, in __getattr__
    return self[item]
           ~~~~^^^^^^
  File "C:\Users\annas\AppData\Local\Programs\Python\Python311\Lib\site-packages\laspy\point\record.py", line 185, in __getitem__
    composed_dim, sub_field = self.sub_fields_dict[item]
                              ^^^^^^^^^^^^^^^^^^^^
  File "C:\Users\annas\AppData\Local\Programs\Python\Python311\Lib\site-packages\laspy\point\record.py", line 229, in __getattr__
    return self[item]
           ~~~~^^^^^^
  File "C:\Users\annas\AppData\Local\Programs\Python\Python311\Lib\site-packages\laspy\point\record.py", line 185, in __getitem__
    composed_dim, sub_field = self.sub_fields_dict[item]
                              ^^^^^^^^^^^^^^^^^^^^
  File "C:\Users\annas\AppData\Local\Programs\Python\Python311\Lib\site-packages\laspy\point\record.py", line 229, in __getattr__
    return self[item]
           ~~~~^^^^^^
  File "C:\Users\annas\AppData\Local\Programs\Python\Python311\Lib\site-packages\laspy\point\record.py", line 185, in __getitem__
    composed_dim, sub_field = self.sub_fields_dict[item]
                              ^^^^^^^^^^^^^^^^^^^^
  File "C:\Users\annas\AppData\Local\Programs\Python\Python311\Lib\site-packages\laspy\point\record.py", line 229, in __getattr__
    return self[item]
           ~~~~^^^^^^
  File "C:\Users\annas\AppData\Local\Programs\Python\Python311\Lib\site-packages\laspy\point\record.py", line 185, in __getitem__
    composed_dim, sub_field = self.sub_fields_dict[item]
                              ^^^^^^^^^^^^^^^^^^^^
  File "C:\Users\annas\AppData\Local\Programs\Python\Python311\Lib\site-packages\laspy\point\record.py", line 229, in __getattr__
    return self[item]
           ~~~~^^^^^^
  File "C:\Users\annas\AppData\Local\Programs\Python\Python311\Lib\site-packages\laspy\point\record.py", line 185, in __getitem__
    composed_dim, sub_field = self.sub_fields_dict[item]
                              ^^^^^^^^^^^^^^^^^^^^
  File "C:\Users\annas\AppData\Local\Programs\Python\Python311\Lib\site-packages\laspy\point\record.py", line 229, in __getattr__
    return self[item]
           ~~~~^^^^^^
  File "C:\Users\annas\AppData\Local\Programs\Python\Python311\Lib\site-packages\laspy\point\record.py", line 185, in __getitem__
    composed_dim, sub_field = self.sub_fields_dict[item]
                              ^^^^^^^^^^^^^^^^^^^^
  File "C:\Users\annas\AppData\Local\Programs\Python\Python311\Lib\site-packages\laspy\point\record.py", line 229, in __getattr__
    return self[item]
           ~~~~^^^^^^
  File "C:\Users\annas\AppData\Local\Programs\Python\Python311\Lib\site-packages\laspy\point\record.py", line 185, in __getitem__
    composed_dim, sub_field = self.sub_fields_dict[item]
                              ^^^^^^^^^^^^^^^^^^^^
  File "C:\Users\annas\AppData\Local\Programs\Python\Python311\Lib\site-packages\laspy\point\record.py", line 229, in __getattr__
    return self[item]
           ~~~~^^^^^^
  File "C:\Users\annas\AppData\Local\Programs\Python\Python311\Lib\site-packages\laspy\point\record.py", line 185, in __getitem__
    composed_dim, sub_field = self.sub_fields_dict[item]
                              ^^^^^^^^^^^^^^^^^^^^
  File "C:\Users\annas\AppData\Local\Programs\Python\Python311\Lib\site-packages\laspy\point\record.py", line 229, in __getattr__
    return self[item]
           ~~~~^^^^^^
  File "C:\Users\annas\AppData\Local\Programs\Python\Python311\Lib\site-packages\laspy\point\record.py", line 185, in __getitem__
    composed_dim, sub_field = self.sub_fields_dict[item]
                              ^^^^^^^^^^^^^^^^^^^^
  File "C:\Users\annas\AppData\Local\Programs\Python\Python311\Lib\site-packages\laspy\point\record.py", line 229, in __getattr__
    return self[item]
           ~~~~^^^^^^
  File "C:\Users\annas\AppData\Local\Programs\Python\Python311\Lib\site-packages\laspy\point\record.py", line 185, in __getitem__
    composed_dim, sub_field = self.sub_fields_dict[item]
                              ^^^^^^^^^^^^^^^^^^^^
  File "C:\Users\annas\AppData\Local\Programs\Python\Python311\Lib\site-packages\laspy\point\record.py", line 229, in __getattr__
    return self[item]
           ~~~~^^^^^^
  File "C:\Users\annas\AppData\Local\Programs\Python\Python311\Lib\site-packages\laspy\point\record.py", line 185, in __getitem__
    composed_dim, sub_field = self.sub_fields_dict[item]
                              ^^^^^^^^^^^^^^^^^^^^
  File "C:\Users\annas\AppData\Local\Programs\Python\Python311\Lib\site-packages\laspy\point\record.py", line 229, in __getattr__
    return self[item]
           ~~~~^^^^^^
  File "C:\Users\annas\AppData\Local\Programs\Python\Python311\Lib\site-packages\laspy\point\record.py", line 185, in __getitem__
    composed_dim, sub_field = self.sub_fields_dict[item]
                              ^^^^^^^^^^^^^^^^^^^^
  File "C:\Users\annas\AppData\Local\Programs\Python\Python311\Lib\site-packages\laspy\point\record.py", line 229, in __getattr__
    return self[item]
           ~~~~^^^^^^
  File "C:\Users\annas\AppData\Local\Programs\Python\Python311\Lib\site-packages\laspy\point\record.py", line 185, in __getitem__
    composed_dim, sub_field = self.sub_fields_dict[item]
                              ^^^^^^^^^^^^^^^^^^^^
  File "C:\Users\annas\AppData\Local\Programs\Python\Python311\Lib\site-packages\laspy\point\record.py", line 229, in __getattr__
    return self[item]
           ~~~~^^^^^^
  File "C:\Users\annas\AppData\Local\Programs\Python\Python311\Lib\site-packages\laspy\point\record.py", line 185, in __getitem__
    composed_dim, sub_field = self.sub_fields_dict[item]
                              ^^^^^^^^^^^^^^^^^^^^
  File "C:\Users\annas\AppData\Local\Programs\Python\Python311\Lib\site-packages\laspy\point\record.py", line 229, in __getattr__
    return self[item]
           ~~~~^^^^^^
  File "C:\Users\annas\AppData\Local\Programs\Python\Python311\Lib\site-packages\laspy\point\record.py", line 185, in __getitem__
    composed_dim, sub_field = self.sub_fields_dict[item]
                              ^^^^^^^^^^^^^^^^^^^^
  File "C:\Users\annas\AppData\Local\Programs\Python\Python311\Lib\site-packages\laspy\point\record.py", line 229, in __getattr__
    return self[item]
           ~~~~^^^^^^
  File "C:\Users\annas\AppData\Local\Programs\Python\Python311\Lib\site-packages\laspy\point\record.py", line 185, in __getitem__
    composed_dim, sub_field = self.sub_fields_dict[item]
                              ^^^^^^^^^^^^^^^^^^^^
  File "C:\Users\annas\AppData\Local\Programs\Python\Python311\Lib\site-packages\laspy\point\record.py", line 229, in __getattr__
    return self[item]
           ~~~~^^^^^^
  File "C:\Users\annas\AppData\Local\Programs\Python\Python311\Lib\site-packages\laspy\point\record.py", line 185, in __getitem__
    composed_dim, sub_field = self.sub_fields_dict[item]
                              ^^^^^^^^^^^^^^^^^^^^
  File "C:\Users\annas\AppData\Local\Programs\Python\Python311\Lib\site-packages\laspy\point\record.py", line 229, in __getattr__
    return self[item]
           ~~~~^^^^^^
  File "C:\Users\annas\AppData\Local\Programs\Python\Python311\Lib\site-packages\laspy\point\record.py", line 185, in __getitem__
    composed_dim, sub_field = self.sub_fields_dict[item]
                              ^^^^^^^^^^^^^^^^^^^^
  File "C:\Users\annas\AppData\Local\Programs\Python\Python311\Lib\site-packages\laspy\point\record.py", line 229, in __getattr__
    return self[item]
           ~~~~^^^^^^
  File "C:\Users\annas\AppData\Local\Programs\Python\Python311\Lib\site-packages\laspy\point\record.py", line 185, in __getitem__
    composed_dim, sub_field = self.sub_fields_dict[item]
                              ^^^^^^^^^^^^^^^^^^^^
  File "C:\Users\annas\AppData\Local\Programs\Python\Python311\Lib\site-packages\laspy\point\record.py", line 229, in __getattr__
    return self[item]
           ~~~~^^^^^^
  File "C:\Users\annas\AppData\Local\Programs\Python\Python311\Lib\site-packages\laspy\point\record.py", line 185, in __getitem__
    composed_dim, sub_field = self.sub_fields_dict[item]
                              ^^^^^^^^^^^^^^^^^^^^
  File "C:\Users\annas\AppData\Local\Programs\Python\Python311\Lib\site-packages\laspy\point\record.py", line 229, in __getattr__
    return self[item]
           ~~~~^^^^^^
  File "C:\Users\annas\AppData\Local\Programs\Python\Python311\Lib\site-packages\laspy\point\record.py", line 185, in __getitem__
    composed_dim, sub_field = self.sub_fields_dict[item]
                              ^^^^^^^^^^^^^^^^^^^^
  File "C:\Users\annas\AppData\Local\Programs\Python\Python311\Lib\site-packages\laspy\point\record.py", line 229, in __getattr__
    return self[item]
           ~~~~^^^^^^
  File "C:\Users\annas\AppData\Local\Programs\Python\Python311\Lib\site-packages\laspy\point\record.py", line 185, in __getitem__
    composed_dim, sub_field = self.sub_fields_dict[item]
                              ^^^^^^^^^^^^^^^^^^^^
  File "C:\Users\annas\AppData\Local\Programs\Python\Python311\Lib\site-packages\laspy\point\record.py", line 229, in __getattr__
    return self[item]
           ~~~~^^^^^^
  File "C:\Users\annas\AppData\Local\Programs\Python\Python311\Lib\site-packages\laspy\point\record.py", line 185, in __getitem__
    composed_dim, sub_field = self.sub_fields_dict[item]
                              ^^^^^^^^^^^^^^^^^^^^
  File "C:\Users\annas\AppData\Local\Programs\Python\Python311\Lib\site-packages\laspy\point\record.py", line 229, in __getattr__
    return self[item]
           ~~~~^^^^^^
  File "C:\Users\annas\AppData\Local\Programs\Python\Python311\Lib\site-packages\laspy\point\record.py", line 185, in __getitem__
    composed_dim, sub_field = self.sub_fields_dict[item]
                              ^^^^^^^^^^^^^^^^^^^^
  File "C:\Users\annas\AppData\Local\Programs\Python\Python311\Lib\site-packages\laspy\point\record.py", line 229, in __getattr__
    return self[item]
           ~~~~^^^^^^
  File "C:\Users\annas\AppData\Local\Programs\Python\Python311\Lib\site-packages\laspy\point\record.py", line 185, in __getitem__
    composed_dim, sub_field = self.sub_fields_dict[item]
                              ^^^^^^^^^^^^^^^^^^^^
  File "C:\Users\annas\AppData\Local\Programs\Python\Python311\Lib\site-packages\laspy\point\record.py", line 229, in __getattr__
    return self[item]
           ~~~~^^^^^^
  File "C:\Users\annas\AppData\Local\Programs\Python\Python311\Lib\site-packages\laspy\point\record.py", line 185, in __getitem__
    composed_dim, sub_field = self.sub_fields_dict[item]
                              ^^^^^^^^^^^^^^^^^^^^
  File "C:\Users\annas\AppData\Local\Programs\Python\Python311\Lib\site-packages\laspy\point\record.py", line 229, in __getattr__
    return self[item]
           ~~~~^^^^^^
  File "C:\Users\annas\AppData\Local\Programs\Python\Python311\Lib\site-packages\laspy\point\record.py", line 185, in __getitem__
    composed_dim, sub_field = self.sub_fields_dict[item]
                              ^^^^^^^^^^^^^^^^^^^^
  File "C:\Users\annas\AppData\Local\Programs\Python\Python311\Lib\site-packages\laspy\point\record.py", line 229, in __getattr__
    return self[item]
           ~~~~^^^^^^
  File "C:\Users\annas\AppData\Local\Programs\Python\Python311\Lib\site-packages\laspy\point\record.py", line 185, in __getitem__
    composed_dim, sub_field = self.sub_fields_dict[item]
                              ^^^^^^^^^^^^^^^^^^^^
  File "C:\Users\annas\AppData\Local\Programs\Python\Python311\Lib\site-packages\laspy\point\record.py", line 229, in __getattr__
    return self[item]
           ~~~~^^^^^^
  File "C:\Users\annas\AppData\Local\Programs\Python\Python311\Lib\site-packages\laspy\point\record.py", line 185, in __getitem__
    composed_dim, sub_field = self.sub_fields_dict[item]
                              ^^^^^^^^^^^^^^^^^^^^
  File "C:\Users\annas\AppData\Local\Programs\Python\Python311\Lib\site-packages\laspy\point\record.py", line 229, in __getattr__
    return self[item]
           ~~~~^^^^^^
  File "C:\Users\annas\AppData\Local\Programs\Python\Python311\Lib\site-packages\laspy\point\record.py", line 185, in __getitem__
    composed_dim, sub_field = self.sub_fields_dict[item]
                              ^^^^^^^^^^^^^^^^^^^^
  File "C:\Users\annas\AppData\Local\Programs\Python\Python311\Lib\site-packages\laspy\point\record.py", line 229, in __getattr__
    return self[item]
           ~~~~^^^^^^
  File "C:\Users\annas\AppData\Local\Programs\Python\Python311\Lib\site-packages\laspy\point\record.py", line 185, in __getitem__
    composed_dim, sub_field = self.sub_fields_dict[item]
                              ^^^^^^^^^^^^^^^^^^^^
  File "C:\Users\annas\AppData\Local\Programs\Python\Python311\Lib\site-packages\laspy\point\record.py", line 229, in __getattr__
    return self[item]
           ~~~~^^^^^^
  File "C:\Users\annas\AppData\Local\Programs\Python\Python311\Lib\site-packages\laspy\point\record.py", line 185, in __getitem__
    composed_dim, sub_field = self.sub_fields_dict[item]
                              ^^^^^^^^^^^^^^^^^^^^
  File "C:\Users\annas\AppData\Local\Programs\Python\Python311\Lib\site-packages\laspy\point\record.py", line 229, in __getattr__
    return self[item]
           ~~~~^^^^^^
  File "C:\Users\annas\AppData\Local\Programs\Python\Python311\Lib\site-packages\laspy\point\record.py", line 185, in __getitem__
    composed_dim, sub_field = self.sub_fields_dict[item]
                              ^^^^^^^^^^^^^^^^^^^^
  File "C:\Users\annas\AppData\Local\Programs\Python\Python311\Lib\site-packages\laspy\point\record.py", line 229, in __getattr__
    return self[item]
           ~~~~^^^^^^
  File "C:\Users\annas\AppData\Local\Programs\Python\Python311\Lib\site-packages\laspy\point\record.py", line 185, in __getitem__
    composed_dim, sub_field = self.sub_fields_dict[item]
                              ^^^^^^^^^^^^^^^^^^^^
  File "C:\Users\annas\AppData\Local\Programs\Python\Python311\Lib\site-packages\laspy\point\record.py", line 229, in __getattr__
    return self[item]
           ~~~~^^^^^^
  File "C:\Users\annas\AppData\Local\Programs\Python\Python311\Lib\site-packages\laspy\point\record.py", line 185, in __getitem__
    composed_dim, sub_field = self.sub_fields_dict[item]
                              ^^^^^^^^^^^^^^^^^^^^
  File "C:\Users\annas\AppData\Local\Programs\Python\Python311\Lib\site-packages\laspy\point\record.py", line 229, in __getattr__
    return self[item]
           ~~~~^^^^^^
  File "C:\Users\annas\AppData\Local\Programs\Python\Python311\Lib\site-packages\laspy\point\record.py", line 185, in __getitem__
    composed_dim, sub_field = self.sub_fields_dict[item]
                              ^^^^^^^^^^^^^^^^^^^^
  File "C:\Users\annas\AppData\Local\Programs\Python\Python311\Lib\site-packages\laspy\point\record.py", line 229, in __getattr__
    return self[item]
           ~~~~^^^^^^
  File "C:\Users\annas\AppData\Local\Programs\Python\Python311\Lib\site-packages\laspy\point\record.py", line 185, in __getitem__
    composed_dim, sub_field = self.sub_fields_dict[item]
                              ^^^^^^^^^^^^^^^^^^^^
  File "C:\Users\annas\AppData\Local\Programs\Python\Python311\Lib\site-packages\laspy\point\record.py", line 229, in __getattr__
    return self[item]
           ~~~~^^^^^^
  File "C:\Users\annas\AppData\Local\Programs\Python\Python311\Lib\site-packages\laspy\point\record.py", line 185, in __getitem__
    composed_dim, sub_field = self.sub_fields_dict[item]
                              ^^^^^^^^^^^^^^^^^^^^
  File "C:\Users\annas\AppData\Local\Programs\Python\Python311\Lib\site-packages\laspy\point\record.py", line 229, in __getattr__
    return self[item]
           ~~~~^^^^^^
  File "C:\Users\annas\AppData\Local\Programs\Python\Python311\Lib\site-packages\laspy\point\record.py", line 185, in __getitem__
    composed_dim, sub_field = self.sub_fields_dict[item]
                              ^^^^^^^^^^^^^^^^^^^^
  File "C:\Users\annas\AppData\Local\Programs\Python\Python311\Lib\site-packages\laspy\point\record.py", line 229, in __getattr__
    return self[item]
           ~~~~^^^^^^
  File "C:\Users\annas\AppData\Local\Programs\Python\Python311\Lib\site-packages\laspy\point\record.py", line 185, in __getitem__
    composed_dim, sub_field = self.sub_fields_dict[item]
                              ^^^^^^^^^^^^^^^^^^^^
  File "C:\Users\annas\AppData\Local\Programs\Python\Python311\Lib\site-packages\laspy\point\record.py", line 229, in __getattr__
    return self[item]
           ~~~~^^^^^^
  File "C:\Users\annas\AppData\Local\Programs\Python\Python311\Lib\site-packages\laspy\point\record.py", line 185, in __getitem__
    composed_dim, sub_field = self.sub_fields_dict[item]
                              ^^^^^^^^^^^^^^^^^^^^
  File "C:\Users\annas\AppData\Local\Programs\Python\Python311\Lib\site-packages\laspy\point\record.py", line 229, in __getattr__
    return self[item]
           ~~~~^^^^^^
  File "C:\Users\annas\AppData\Local\Programs\Python\Python311\Lib\site-packages\laspy\point\record.py", line 185, in __getitem__
    composed_dim, sub_field = self.sub_fields_dict[item]
                              ^^^^^^^^^^^^^^^^^^^^
  File "C:\Users\annas\AppData\Local\Programs\Python\Python311\Lib\site-packages\laspy\point\record.py", line 229, in __getattr__
    return self[item]
           ~~~~^^^^^^
  File "C:\Users\annas\AppData\Local\Programs\Python\Python311\Lib\site-packages\laspy\point\record.py", line 185, in __getitem__
    composed_dim, sub_field = self.sub_fields_dict[item]
                              ^^^^^^^^^^^^^^^^^^^^
  File "C:\Users\annas\AppData\Local\Programs\Python\Python311\Lib\site-packages\laspy\point\record.py", line 229, in __getattr__
    return self[item]
           ~~~~^^^^^^
  File "C:\Users\annas\AppData\Local\Programs\Python\Python311\Lib\site-packages\laspy\point\record.py", line 185, in __getitem__
    composed_dim, sub_field = self.sub_fields_dict[item]
                              ^^^^^^^^^^^^^^^^^^^^
  File "C:\Users\annas\AppData\Local\Programs\Python\Python311\Lib\site-packages\laspy\point\record.py", line 229, in __getattr__
    return self[item]
           ~~~~^^^^^^
  File "C:\Users\annas\AppData\Local\Programs\Python\Python311\Lib\site-packages\laspy\point\record.py", line 185, in __getitem__
    composed_dim, sub_field = self.sub_fields_dict[item]
                              ^^^^^^^^^^^^^^^^^^^^
  File "C:\Users\annas\AppData\Local\Programs\Python\Python311\Lib\site-packages\laspy\point\record.py", line 229, in __getattr__
    return self[item]
           ~~~~^^^^^^
  File "C:\Users\annas\AppData\Local\Programs\Python\Python311\Lib\site-packages\laspy\point\record.py", line 185, in __getitem__
    composed_dim, sub_field = self.sub_fields_dict[item]
                              ^^^^^^^^^^^^^^^^^^^^
  File "C:\Users\annas\AppData\Local\Programs\Python\Python311\Lib\site-packages\laspy\point\record.py", line 229, in __getattr__
    return self[item]
           ~~~~^^^^^^
  File "C:\Users\annas\AppData\Local\Programs\Python\Python311\Lib\site-packages\laspy\point\record.py", line 185, in __getitem__
    composed_dim, sub_field = self.sub_fields_dict[item]
                              ^^^^^^^^^^^^^^^^^^^^
  File "C:\Users\annas\AppData\Local\Programs\Python\Python311\Lib\site-packages\laspy\point\record.py", line 229, in __getattr__
    return self[item]
           ~~~~^^^^^^
  File "C:\Users\annas\AppData\Local\Programs\Python\Python311\Lib\site-packages\laspy\point\record.py", line 185, in __getitem__
    composed_dim, sub_field = self.sub_fields_dict[item]
                              ^^^^^^^^^^^^^^^^^^^^
  File "C:\Users\annas\AppData\Local\Programs\Python\Python311\Lib\site-packages\laspy\point\record.py", line 229, in __getattr__
    return self[item]
           ~~~~^^^^^^
  File "C:\Users\annas\AppData\Local\Programs\Python\Python311\Lib\site-packages\laspy\point\record.py", line 185, in __getitem__
    composed_dim, sub_field = self.sub_fields_dict[item]
                              ^^^^^^^^^^^^^^^^^^^^
  File "C:\Users\annas\AppData\Local\Programs\Python\Python311\Lib\site-packages\laspy\point\record.py", line 229, in __getattr__
    return self[item]
           ~~~~^^^^^^
  File "C:\Users\annas\AppData\Local\Programs\Python\Python311\Lib\site-packages\laspy\point\record.py", line 185, in __getitem__
    composed_dim, sub_field = self.sub_fields_dict[item]
                              ^^^^^^^^^^^^^^^^^^^^
  File "C:\Users\annas\AppData\Local\Programs\Python\Python311\Lib\site-packages\laspy\point\record.py", line 229, in __getattr__
    return self[item]
           ~~~~^^^^^^
  File "C:\Users\annas\AppData\Local\Programs\Python\Python311\Lib\site-packages\laspy\point\record.py", line 185, in __getitem__
    composed_dim, sub_field = self.sub_fields_dict[item]
                              ^^^^^^^^^^^^^^^^^^^^
  File "C:\Users\annas\AppData\Local\Programs\Python\Python311\Lib\site-packages\laspy\point\record.py", line 229, in __getattr__
    return self[item]
           ~~~~^^^^^^
  File "C:\Users\annas\AppData\Local\Programs\Python\Python311\Lib\site-packages\laspy\point\record.py", line 185, in __getitem__
    composed_dim, sub_field = self.sub_fields_dict[item]
                              ^^^^^^^^^^^^^^^^^^^^
  File "C:\Users\annas\AppData\Local\Programs\Python\Python311\Lib\site-packages\laspy\point\record.py", line 229, in __getattr__
    return self[item]
           ~~~~^^^^^^
  File "C:\Users\annas\AppData\Local\Programs\Python\Python311\Lib\site-packages\laspy\point\record.py", line 185, in __getitem__
    composed_dim, sub_field = self.sub_fields_dict[item]
                              ^^^^^^^^^^^^^^^^^^^^
  File "C:\Users\annas\AppData\Local\Programs\Python\Python311\Lib\site-packages\laspy\point\record.py", line 229, in __getattr__
    return self[item]
           ~~~~^^^^^^
  File "C:\Users\annas\AppData\Local\Programs\Python\Python311\Lib\site-packages\laspy\point\record.py", line 185, in __getitem__
    composed_dim, sub_field = self.sub_fields_dict[item]
                              ^^^^^^^^^^^^^^^^^^^^
  File "C:\Users\annas\AppData\Local\Programs\Python\Python311\Lib\site-packages\laspy\point\record.py", line 229, in __getattr__
    return self[item]
           ~~~~^^^^^^
  File "C:\Users\annas\AppData\Local\Programs\Python\Python311\Lib\site-packages\laspy\point\record.py", line 185, in __getitem__
    composed_dim, sub_field = self.sub_fields_dict[item]
                              ^^^^^^^^^^^^^^^^^^^^
  File "C:\Users\annas\AppData\Local\Programs\Python\Python311\Lib\site-packages\laspy\point\record.py", line 229, in __getattr__
    return self[item]
           ~~~~^^^^^^
  File "C:\Users\annas\AppData\Local\Programs\Python\Python311\Lib\site-packages\laspy\point\record.py", line 185, in __getitem__
    composed_dim, sub_field = self.sub_fields_dict[item]
                              ^^^^^^^^^^^^^^^^^^^^
  File "C:\Users\annas\AppData\Local\Programs\Python\Python311\Lib\site-packages\laspy\point\record.py", line 229, in __getattr__
    return self[item]
           ~~~~^^^^^^
  File "C:\Users\annas\AppData\Local\Programs\Python\Python311\Lib\site-packages\laspy\point\record.py", line 185, in __getitem__
    composed_dim, sub_field = self.sub_fields_dict[item]
                              ^^^^^^^^^^^^^^^^^^^^
  File "C:\Users\annas\AppData\Local\Programs\Python\Python311\Lib\site-packages\laspy\point\record.py", line 229, in __getattr__
    return self[item]
           ~~~~^^^^^^
  File "C:\Users\annas\AppData\Local\Programs\Python\Python311\Lib\site-packages\laspy\point\record.py", line 185, in __getitem__
    composed_dim, sub_field = self.sub_fields_dict[item]
                              ^^^^^^^^^^^^^^^^^^^^
  File "C:\Users\annas\AppData\Local\Programs\Python\Python311\Lib\site-packages\laspy\point\record.py", line 229, in __getattr__
    return self[item]
           ~~~~^^^^^^
  File "C:\Users\annas\AppData\Local\Programs\Python\Python311\Lib\site-packages\laspy\point\record.py", line 185, in __getitem__
    composed_dim, sub_field = self.sub_fields_dict[item]
                              ^^^^^^^^^^^^^^^^^^^^
  File "C:\Users\annas\AppData\Local\Programs\Python\Python311\Lib\site-packages\laspy\point\record.py", line 229, in __getattr__
    return self[item]
           ~~~~^^^^^^
  File "C:\Users\annas\AppData\Local\Programs\Python\Python311\Lib\site-packages\laspy\point\record.py", line 185, in __getitem__
    composed_dim, sub_field = self.sub_fields_dict[item]
                              ^^^^^^^^^^^^^^^^^^^^
  File "C:\Users\annas\AppData\Local\Programs\Python\Python311\Lib\site-packages\laspy\point\record.py", line 229, in __getattr__
    return self[item]
           ~~~~^^^^^^
  File "C:\Users\annas\AppData\Local\Programs\Python\Python311\Lib\site-packages\laspy\point\record.py", line 185, in __getitem__
    composed_dim, sub_field = self.sub_fields_dict[item]
                              ^^^^^^^^^^^^^^^^^^^^
  File "C:\Users\annas\AppData\Local\Programs\Python\Python311\Lib\site-packages\laspy\point\record.py", line 229, in __getattr__
    return self[item]
           ~~~~^^^^^^
  File "C:\Users\annas\AppData\Local\Programs\Python\Python311\Lib\site-packages\laspy\point\record.py", line 185, in __getitem__
    composed_dim, sub_field = self.sub_fields_dict[item]
                              ^^^^^^^^^^^^^^^^^^^^
  File "C:\Users\annas\AppData\Local\Programs\Python\Python311\Lib\site-packages\laspy\point\record.py", line 229, in __getattr__
    return self[item]
           ~~~~^^^^^^
  File "C:\Users\annas\AppData\Local\Programs\Python\Python311\Lib\site-packages\laspy\point\record.py", line 185, in __getitem__
    composed_dim, sub_field = self.sub_fields_dict[item]
                              ^^^^^^^^^^^^^^^^^^^^
  File "C:\Users\annas\AppData\Local\Programs\Python\Python311\Lib\site-packages\laspy\point\record.py", line 229, in __getattr__
    return self[item]
           ~~~~^^^^^^
  File "C:\Users\annas\AppData\Local\Programs\Python\Python311\Lib\site-packages\laspy\point\record.py", line 185, in __getitem__
    composed_dim, sub_field = self.sub_fields_dict[item]
                              ^^^^^^^^^^^^^^^^^^^^
  File "C:\Users\annas\AppData\Local\Programs\Python\Python311\Lib\site-packages\laspy\point\record.py", line 229, in __getattr__
    return self[item]
           ~~~~^^^^^^
  File "C:\Users\annas\AppData\Local\Programs\Python\Python311\Lib\site-packages\laspy\point\record.py", line 185, in __getitem__
    composed_dim, sub_field = self.sub_fields_dict[item]
                              ^^^^^^^^^^^^^^^^^^^^
  File "C:\Users\annas\AppData\Local\Programs\Python\Python311\Lib\site-packages\laspy\point\record.py", line 229, in __getattr__
    return self[item]
           ~~~~^^^^^^
  File "C:\Users\annas\AppData\Local\Programs\Python\Python311\Lib\site-packages\laspy\point\record.py", line 185, in __getitem__
    composed_dim, sub_field = self.sub_fields_dict[item]
                              ^^^^^^^^^^^^^^^^^^^^
  File "C:\Users\annas\AppData\Local\Programs\Python\Python311\Lib\site-packages\laspy\point\record.py", line 229, in __getattr__
    return self[item]
           ~~~~^^^^^^
  File "C:\Users\annas\AppData\Local\Programs\Python\Python311\Lib\site-packages\laspy\point\record.py", line 185, in __getitem__
    composed_dim, sub_field = self.sub_fields_dict[item]
                              ^^^^^^^^^^^^^^^^^^^^
  File "C:\Users\annas\AppData\Local\Programs\Python\Python311\Lib\site-packages\laspy\point\record.py", line 229, in __getattr__
    return self[item]
           ~~~~^^^^^^
  File "C:\Users\annas\AppData\Local\Programs\Python\Python311\Lib\site-packages\laspy\point\record.py", line 185, in __getitem__
    composed_dim, sub_field = self.sub_fields_dict[item]
                              ^^^^^^^^^^^^^^^^^^^^
  File "C:\Users\annas\AppData\Local\Programs\Python\Python311\Lib\site-packages\laspy\point\record.py", line 229, in __getattr__
    return self[item]
           ~~~~^^^^^^
  File "C:\Users\annas\AppData\Local\Programs\Python\Python311\Lib\site-packages\laspy\point\record.py", line 185, in __getitem__
    composed_dim, sub_field = self.sub_fields_dict[item]
                              ^^^^^^^^^^^^^^^^^^^^
  File "C:\Users\annas\AppData\Local\Programs\Python\Python311\Lib\site-packages\laspy\point\record.py", line 229, in __getattr__
    return self[item]
           ~~~~^^^^^^
  File "C:\Users\annas\AppData\Local\Programs\Python\Python311\Lib\site-packages\laspy\point\record.py", line 185, in __getitem__
    composed_dim, sub_field = self.sub_fields_dict[item]
                              ^^^^^^^^^^^^^^^^^^^^
  File "C:\Users\annas\AppData\Local\Programs\Python\Python311\Lib\site-packages\laspy\point\record.py", line 229, in __getattr__
    return self[item]
           ~~~~^^^^^^
  File "C:\Users\annas\AppData\Local\Programs\Python\Python311\Lib\site-packages\laspy\point\record.py", line 185, in __getitem__
    composed_dim, sub_field = self.sub_fields_dict[item]
                              ^^^^^^^^^^^^^^^^^^^^
  File "C:\Users\annas\AppData\Local\Programs\Python\Python311\Lib\site-packages\laspy\point\record.py", line 229, in __getattr__
    return self[item]
           ~~~~^^^^^^
  File "C:\Users\annas\AppData\Local\Programs\Python\Python311\Lib\site-packages\laspy\point\record.py", line 185, in __getitem__
    composed_dim, sub_field = self.sub_fields_dict[item]
                              ^^^^^^^^^^^^^^^^^^^^
  File "C:\Users\annas\AppData\Local\Programs\Python\Python311\Lib\site-packages\laspy\point\record.py", line 229, in __getattr__
    return self[item]
           ~~~~^^^^^^
  File "C:\Users\annas\AppData\Local\Programs\Python\Python311\Lib\site-packages\laspy\point\record.py", line 185, in __getitem__
    composed_dim, sub_field = self.sub_fields_dict[item]
                              ^^^^^^^^^^^^^^^^^^^^
  File "C:\Users\annas\AppData\Local\Programs\Python\Python311\Lib\site-packages\laspy\point\record.py", line 229, in __getattr__
    return self[item]
           ~~~~^^^^^^
  File "C:\Users\annas\AppData\Local\Programs\Python\Python311\Lib\site-packages\laspy\point\record.py", line 185, in __getitem__
    composed_dim, sub_field = self.sub_fields_dict[item]
                              ^^^^^^^^^^^^^^^^^^^^
  File "C:\Users\annas\AppData\Local\Programs\Python\Python311\Lib\site-packages\laspy\point\record.py", line 229, in __getattr__
    return self[item]
           ~~~~^^^^^^
  File "C:\Users\annas\AppData\Local\Programs\Python\Python311\Lib\site-packages\laspy\point\record.py", line 185, in __getitem__
    composed_dim, sub_field = self.sub_fields_dict[item]
                              ^^^^^^^^^^^^^^^^^^^^
  File "C:\Users\annas\AppData\Local\Programs\Python\Python311\Lib\site-packages\laspy\point\record.py", line 229, in __getattr__
    return self[item]
           ~~~~^^^^^^
  File "C:\Users\annas\AppData\Local\Programs\Python\Python311\Lib\site-packages\laspy\point\record.py", line 185, in __getitem__
    composed_dim, sub_field = self.sub_fields_dict[item]
                              ^^^^^^^^^^^^^^^^^^^^
  File "C:\Users\annas\AppData\Local\Programs\Python\Python311\Lib\site-packages\laspy\point\record.py", line 229, in __getattr__
    return self[item]
           ~~~~^^^^^^
  File "C:\Users\annas\AppData\Local\Programs\Python\Python311\Lib\site-packages\laspy\point\record.py", line 185, in __getitem__
    composed_dim, sub_field = self.sub_fields_dict[item]
                              ^^^^^^^^^^^^^^^^^^^^
  File "C:\Users\annas\AppData\Local\Programs\Python\Python311\Lib\site-packages\laspy\point\record.py", line 229, in __getattr__
    return self[item]
           ~~~~^^^^^^
  File "C:\Users\annas\AppData\Local\Programs\Python\Python311\Lib\site-packages\laspy\point\record.py", line 185, in __getitem__
    composed_dim, sub_field = self.sub_fields_dict[item]
                              ^^^^^^^^^^^^^^^^^^^^
  File "C:\Users\annas\AppData\Local\Programs\Python\Python311\Lib\site-packages\laspy\point\record.py", line 229, in __getattr__
    return self[item]
           ~~~~^^^^^^
  File "C:\Users\annas\AppData\Local\Programs\Python\Python311\Lib\site-packages\laspy\point\record.py", line 185, in __getitem__
    composed_dim, sub_field = self.sub_fields_dict[item]
                              ^^^^^^^^^^^^^^^^^^^^
  File "C:\Users\annas\AppData\Local\Programs\Python\Python311\Lib\site-packages\laspy\point\record.py", line 229, in __getattr__
    return self[item]
           ~~~~^^^^^^
  File "C:\Users\annas\AppData\Local\Programs\Python\Python311\Lib\site-packages\laspy\point\record.py", line 185, in __getitem__
    composed_dim, sub_field = self.sub_fields_dict[item]
                              ^^^^^^^^^^^^^^^^^^^^
  File "C:\Users\annas\AppData\Local\Programs\Python\Python311\Lib\site-packages\laspy\point\record.py", line 229, in __getattr__
    return self[item]
           ~~~~^^^^^^
  File "C:\Users\annas\AppData\Local\Programs\Python\Python311\Lib\site-packages\laspy\point\record.py", line 185, in __getitem__
    composed_dim, sub_field = self.sub_fields_dict[item]
                              ^^^^^^^^^^^^^^^^^^^^
  File "C:\Users\annas\AppData\Local\Programs\Python\Python311\Lib\site-packages\laspy\point\record.py", line 229, in __getattr__
    return self[item]
           ~~~~^^^^^^
  File "C:\Users\annas\AppData\Local\Programs\Python\Python311\Lib\site-packages\laspy\point\record.py", line 185, in __getitem__
    composed_dim, sub_field = self.sub_fields_dict[item]
                              ^^^^^^^^^^^^^^^^^^^^
  File "C:\Users\annas\AppData\Local\Programs\Python\Python311\Lib\site-packages\laspy\point\record.py", line 229, in __getattr__
    return self[item]
           ~~~~^^^^^^
  File "C:\Users\annas\AppData\Local\Programs\Python\Python311\Lib\site-packages\laspy\point\record.py", line 185, in __getitem__
    composed_dim, sub_field = self.sub_fields_dict[item]
                              ^^^^^^^^^^^^^^^^^^^^
  File "C:\Users\annas\AppData\Local\Programs\Python\Python311\Lib\site-packages\laspy\point\record.py", line 229, in __getattr__
    return self[item]
           ~~~~^^^^^^
  File "C:\Users\annas\AppData\Local\Programs\Python\Python311\Lib\site-packages\laspy\point\record.py", line 185, in __getitem__
    composed_dim, sub_field = self.sub_fields_dict[item]
                              ^^^^^^^^^^^^^^^^^^^^
  File "C:\Users\annas\AppData\Local\Programs\Python\Python311\Lib\site-packages\laspy\point\record.py", line 229, in __getattr__
    return self[item]
           ~~~~^^^^^^
  File "C:\Users\annas\AppData\Local\Programs\Python\Python311\Lib\site-packages\laspy\point\record.py", line 185, in __getitem__
    composed_dim, sub_field = self.sub_fields_dict[item]
                              ^^^^^^^^^^^^^^^^^^^^
  File "C:\Users\annas\AppData\Local\Programs\Python\Python311\Lib\site-packages\laspy\point\record.py", line 229, in __getattr__
    return self[item]
           ~~~~^^^^^^
  File "C:\Users\annas\AppData\Local\Programs\Python\Python311\Lib\site-packages\laspy\point\record.py", line 185, in __getitem__
    composed_dim, sub_field = self.sub_fields_dict[item]
                              ^^^^^^^^^^^^^^^^^^^^
  File "C:\Users\annas\AppData\Local\Programs\Python\Python311\Lib\site-packages\laspy\point\record.py", line 229, in __getattr__
    return self[item]
           ~~~~^^^^^^
  File "C:\Users\annas\AppData\Local\Programs\Python\Python311\Lib\site-packages\laspy\point\record.py", line 185, in __getitem__
    composed_dim, sub_field = self.sub_fields_dict[item]
                              ^^^^^^^^^^^^^^^^^^^^
  File "C:\Users\annas\AppData\Local\Programs\Python\Python311\Lib\site-packages\laspy\point\record.py", line 229, in __getattr__
    return self[item]
           ~~~~^^^^^^
  File "C:\Users\annas\AppData\Local\Programs\Python\Python311\Lib\site-packages\laspy\point\record.py", line 185, in __getitem__
    composed_dim, sub_field = self.sub_fields_dict[item]
                              ^^^^^^^^^^^^^^^^^^^^
  File "C:\Users\annas\AppData\Local\Programs\Python\Python311\Lib\site-packages\laspy\point\record.py", line 229, in __getattr__
    return self[item]
           ~~~~^^^^^^
  File "C:\Users\annas\AppData\Local\Programs\Python\Python311\Lib\site-packages\laspy\point\record.py", line 185, in __getitem__
    composed_dim, sub_field = self.sub_fields_dict[item]
                              ^^^^^^^^^^^^^^^^^^^^
  File "C:\Users\annas\AppData\Local\Programs\Python\Python311\Lib\site-packages\laspy\point\record.py", line 229, in __getattr__
    return self[item]
           ~~~~^^^^^^
  File "C:\Users\annas\AppData\Local\Programs\Python\Python311\Lib\site-packages\laspy\point\record.py", line 185, in __getitem__
    composed_dim, sub_field = self.sub_fields_dict[item]
                              ^^^^^^^^^^^^^^^^^^^^
  File "C:\Users\annas\AppData\Local\Programs\Python\Python311\Lib\site-packages\laspy\point\record.py", line 229, in __getattr__
    return self[item]
           ~~~~^^^^^^
  File "C:\Users\annas\AppData\Local\Programs\Python\Python311\Lib\site-packages\laspy\point\record.py", line 185, in __getitem__
    composed_dim, sub_field = self.sub_fields_dict[item]
                              ^^^^^^^^^^^^^^^^^^^^
  File "C:\Users\annas\AppData\Local\Programs\Python\Python311\Lib\site-packages\laspy\point\record.py", line 229, in __getattr__
    return self[item]
           ~~~~^^^^^^
  File "C:\Users\annas\AppData\Local\Programs\Python\Python311\Lib\site-packages\laspy\point\record.py", line 185, in __getitem__
    composed_dim, sub_field = self.sub_fields_dict[item]
                              ^^^^^^^^^^^^^^^^^^^^
  File "C:\Users\annas\AppData\Local\Programs\Python\Python311\Lib\site-packages\laspy\point\record.py", line 229, in __getattr__
    return self[item]
           ~~~~^^^^^^
  File "C:\Users\annas\AppData\Local\Programs\Python\Python311\Lib\site-packages\laspy\point\record.py", line 185, in __getitem__
    composed_dim, sub_field = self.sub_fields_dict[item]
                              ^^^^^^^^^^^^^^^^^^^^
  File "C:\Users\annas\AppData\Local\Programs\Python\Python311\Lib\site-packages\laspy\point\record.py", line 229, in __getattr__
    return self[item]
           ~~~~^^^^^^
  File "C:\Users\annas\AppData\Local\Programs\Python\Python311\Lib\site-packages\laspy\point\record.py", line 185, in __getitem__
    composed_dim, sub_field = self.sub_fields_dict[item]
                              ^^^^^^^^^^^^^^^^^^^^
  File "C:\Users\annas\AppData\Local\Programs\Python\Python311\Lib\site-packages\laspy\point\record.py", line 229, in __getattr__
    return self[item]
           ~~~~^^^^^^
  File "C:\Users\annas\AppData\Local\Programs\Python\Python311\Lib\site-packages\laspy\point\record.py", line 185, in __getitem__
    composed_dim, sub_field = self.sub_fields_dict[item]
                              ^^^^^^^^^^^^^^^^^^^^
  File "C:\Users\annas\AppData\Local\Programs\Python\Python311\Lib\site-packages\laspy\point\record.py", line 229, in __getattr__
    return self[item]
           ~~~~^^^^^^
  File "C:\Users\annas\AppData\Local\Programs\Python\Python311\Lib\site-packages\laspy\point\record.py", line 185, in __getitem__
    composed_dim, sub_field = self.sub_fields_dict[item]
                              ^^^^^^^^^^^^^^^^^^^^
  File "C:\Users\annas\AppData\Local\Programs\Python\Python311\Lib\site-packages\laspy\point\record.py", line 229, in __getattr__
    return self[item]
           ~~~~^^^^^^
  File "C:\Users\annas\AppData\Local\Programs\Python\Python311\Lib\site-packages\laspy\point\record.py", line 185, in __getitem__
    composed_dim, sub_field = self.sub_fields_dict[item]
                              ^^^^^^^^^^^^^^^^^^^^
  File "C:\Users\annas\AppData\Local\Programs\Python\Python311\Lib\site-packages\laspy\point\record.py", line 229, in __getattr__
    return self[item]
           ~~~~^^^^^^
  File "C:\Users\annas\AppData\Local\Programs\Python\Python311\Lib\site-packages\laspy\point\record.py", line 185, in __getitem__
    composed_dim, sub_field = self.sub_fields_dict[item]
                              ^^^^^^^^^^^^^^^^^^^^
  File "C:\Users\annas\AppData\Local\Programs\Python\Python311\Lib\site-packages\laspy\point\record.py", line 229, in __getattr__
    return self[item]
           ~~~~^^^^^^
  File "C:\Users\annas\AppData\Local\Programs\Python\Python311\Lib\site-packages\laspy\point\record.py", line 185, in __getitem__
    composed_dim, sub_field = self.sub_fields_dict[item]
                              ^^^^^^^^^^^^^^^^^^^^
  File "C:\Users\annas\AppData\Local\Programs\Python\Python311\Lib\site-packages\laspy\point\record.py", line 229, in __getattr__
    return self[item]
           ~~~~^^^^^^
  File "C:\Users\annas\AppData\Local\Programs\Python\Python311\Lib\site-packages\laspy\point\record.py", line 185, in __getitem__
    composed_dim, sub_field = self.sub_fields_dict[item]
                              ^^^^^^^^^^^^^^^^^^^^
  File "C:\Users\annas\AppData\Local\Programs\Python\Python311\Lib\site-packages\laspy\point\record.py", line 229, in __getattr__
    return self[item]
           ~~~~^^^^^^
  File "C:\Users\annas\AppData\Local\Programs\Python\Python311\Lib\site-packages\laspy\point\record.py", line 185, in __getitem__
    composed_dim, sub_field = self.sub_fields_dict[item]
                              ^^^^^^^^^^^^^^^^^^^^
  File "C:\Users\annas\AppData\Local\Programs\Python\Python311\Lib\site-packages\laspy\point\record.py", line 229, in __getattr__
    return self[item]
           ~~~~^^^^^^
  File "C:\Users\annas\AppData\Local\Programs\Python\Python311\Lib\site-packages\laspy\point\record.py", line 185, in __getitem__
    composed_dim, sub_field = self.sub_fields_dict[item]
                              ^^^^^^^^^^^^^^^^^^^^
  File "C:\Users\annas\AppData\Local\Programs\Python\Python311\Lib\site-packages\laspy\point\record.py", line 229, in __getattr__
    return self[item]
           ~~~~^^^^^^
  File "C:\Users\annas\AppData\Local\Programs\Python\Python311\Lib\site-packages\laspy\point\record.py", line 185, in __getitem__
    composed_dim, sub_field = self.sub_fields_dict[item]
                              ^^^^^^^^^^^^^^^^^^^^
  File "C:\Users\annas\AppData\Local\Programs\Python\Python311\Lib\site-packages\laspy\point\record.py", line 229, in __getattr__
    return self[item]
           ~~~~^^^^^^
  File "C:\Users\annas\AppData\Local\Programs\Python\Python311\Lib\site-packages\laspy\point\record.py", line 185, in __getitem__
    composed_dim, sub_field = self.sub_fields_dict[item]
                              ^^^^^^^^^^^^^^^^^^^^
  File "C:\Users\annas\AppData\Local\Programs\Python\Python311\Lib\site-packages\laspy\point\record.py", line 229, in __getattr__
    return self[item]
           ~~~~^^^^^^
  File "C:\Users\annas\AppData\Local\Programs\Python\Python311\Lib\site-packages\laspy\point\record.py", line 185, in __getitem__
    composed_dim, sub_field = self.sub_fields_dict[item]
                              ^^^^^^^^^^^^^^^^^^^^
  File "C:\Users\annas\AppData\Local\Programs\Python\Python311\Lib\site-packages\laspy\point\record.py", line 229, in __getattr__
    return self[item]
           ~~~~^^^^^^
  File "C:\Users\annas\AppData\Local\Programs\Python\Python311\Lib\site-packages\laspy\point\record.py", line 185, in __getitem__
    composed_dim, sub_field = self.sub_fields_dict[item]
                              ^^^^^^^^^^^^^^^^^^^^
  File "C:\Users\annas\AppData\Local\Programs\Python\Python311\Lib\site-packages\laspy\point\record.py", line 229, in __getattr__
    return self[item]
           ~~~~^^^^^^
  File "C:\Users\annas\AppData\Local\Programs\Python\Python311\Lib\site-packages\laspy\point\record.py", line 185, in __getitem__
    composed_dim, sub_field = self.sub_fields_dict[item]
                              ^^^^^^^^^^^^^^^^^^^^
  File "C:\Users\annas\AppData\Local\Programs\Python\Python311\Lib\site-packages\laspy\point\record.py", line 229, in __getattr__
    return self[item]
           ~~~~^^^^^^
  File "C:\Users\annas\AppData\Local\Programs\Python\Python311\Lib\site-packages\laspy\point\record.py", line 185, in __getitem__
    composed_dim, sub_field = self.sub_fields_dict[item]
                              ^^^^^^^^^^^^^^^^^^^^
  File "C:\Users\annas\AppData\Local\Programs\Python\Python311\Lib\site-packages\laspy\point\record.py", line 229, in __getattr__
    return self[item]
           ~~~~^^^^^^
  File "C:\Users\annas\AppData\Local\Programs\Python\Python311\Lib\site-packages\laspy\point\record.py", line 185, in __getitem__
    composed_dim, sub_field = self.sub_fields_dict[item]
                              ^^^^^^^^^^^^^^^^^^^^
  File "C:\Users\annas\AppData\Local\Programs\Python\Python311\Lib\site-packages\laspy\point\record.py", line 229, in __getattr__
    return self[item]
           ~~~~^^^^^^
  File "C:\Users\annas\AppData\Local\Programs\Python\Python311\Lib\site-packages\laspy\point\record.py", line 185, in __getitem__
    composed_dim, sub_field = self.sub_fields_dict[item]
                              ^^^^^^^^^^^^^^^^^^^^
  File "C:\Users\annas\AppData\Local\Programs\Python\Python311\Lib\site-packages\laspy\point\record.py", line 229, in __getattr__
    return self[item]
           ~~~~^^^^^^
  File "C:\Users\annas\AppData\Local\Programs\Python\Python311\Lib\site-packages\laspy\point\record.py", line 185, in __getitem__
    composed_dim, sub_field = self.sub_fields_dict[item]
                              ^^^^^^^^^^^^^^^^^^^^
  File "C:\Users\annas\AppData\Local\Programs\Python\Python311\Lib\site-packages\laspy\point\record.py", line 229, in __getattr__
    return self[item]
           ~~~~^^^^^^
  File "C:\Users\annas\AppData\Local\Programs\Python\Python311\Lib\site-packages\laspy\point\record.py", line 185, in __getitem__
    composed_dim, sub_field = self.sub_fields_dict[item]
                              ^^^^^^^^^^^^^^^^^^^^
  File "C:\Users\annas\AppData\Local\Programs\Python\Python311\Lib\site-packages\laspy\point\record.py", line 229, in __getattr__
    return self[item]
           ~~~~^^^^^^
  File "C:\Users\annas\AppData\Local\Programs\Python\Python311\Lib\site-packages\laspy\point\record.py", line 185, in __getitem__
    composed_dim, sub_field = self.sub_fields_dict[item]
                              ^^^^^^^^^^^^^^^^^^^^
  File "C:\Users\annas\AppData\Local\Programs\Python\Python311\Lib\site-packages\laspy\point\record.py", line 229, in __getattr__
    return self[item]
           ~~~~^^^^^^
  File "C:\Users\annas\AppData\Local\Programs\Python\Python311\Lib\site-packages\laspy\point\record.py", line 185, in __getitem__
    composed_dim, sub_field = self.sub_fields_dict[item]
                              ^^^^^^^^^^^^^^^^^^^^
  File "C:\Users\annas\AppData\Local\Programs\Python\Python311\Lib\site-packages\laspy\point\record.py", line 229, in __getattr__
    return self[item]
           ~~~~^^^^^^
  File "C:\Users\annas\AppData\Local\Programs\Python\Python311\Lib\site-packages\laspy\point\record.py", line 185, in __getitem__
    composed_dim, sub_field = self.sub_fields_dict[item]
                              ^^^^^^^^^^^^^^^^^^^^
  File "C:\Users\annas\AppData\Local\Programs\Python\Python311\Lib\site-packages\laspy\point\record.py", line 229, in __getattr__
    return self[item]
           ~~~~^^^^^^
  File "C:\Users\annas\AppData\Local\Programs\Python\Python311\Lib\site-packages\laspy\point\record.py", line 185, in __getitem__
    composed_dim, sub_field = self.sub_fields_dict[item]
                              ^^^^^^^^^^^^^^^^^^^^
  File "C:\Users\annas\AppData\Local\Programs\Python\Python311\Lib\site-packages\laspy\point\record.py", line 229, in __getattr__
    return self[item]
           ~~~~^^^^^^
  File "C:\Users\annas\AppData\Local\Programs\Python\Python311\Lib\site-packages\laspy\point\record.py", line 185, in __getitem__
    composed_dim, sub_field = self.sub_fields_dict[item]
                              ^^^^^^^^^^^^^^^^^^^^
  File "C:\Users\annas\AppData\Local\Programs\Python\Python311\Lib\site-packages\laspy\point\record.py", line 229, in __getattr__
    return self[item]
           ~~~~^^^^^^
  File "C:\Users\annas\AppData\Local\Programs\Python\Python311\Lib\site-packages\laspy\point\record.py", line 185, in __getitem__
    composed_dim, sub_field = self.sub_fields_dict[item]
                              ^^^^^^^^^^^^^^^^^^^^
  File "C:\Users\annas\AppData\Local\Programs\Python\Python311\Lib\site-packages\laspy\point\record.py", line 229, in __getattr__
    return self[item]
           ~~~~^^^^^^
  File "C:\Users\annas\AppData\Local\Programs\Python\Python311\Lib\site-packages\laspy\point\record.py", line 185, in __getitem__
    composed_dim, sub_field = self.sub_fields_dict[item]
                              ^^^^^^^^^^^^^^^^^^^^
  File "C:\Users\annas\AppData\Local\Programs\Python\Python311\Lib\site-packages\laspy\point\record.py", line 229, in __getattr__
    return self[item]
           ~~~~^^^^^^
  File "C:\Users\annas\AppData\Local\Programs\Python\Python311\Lib\site-packages\laspy\point\record.py", line 185, in __getitem__
    composed_dim, sub_field = self.sub_fields_dict[item]
                              ^^^^^^^^^^^^^^^^^^^^
  File "C:\Users\annas\AppData\Local\Programs\Python\Python311\Lib\site-packages\laspy\point\record.py", line 229, in __getattr__
    return self[item]
           ~~~~^^^^^^
  File "C:\Users\annas\AppData\Local\Programs\Python\Python311\Lib\site-packages\laspy\point\record.py", line 185, in __getitem__
    composed_dim, sub_field = self.sub_fields_dict[item]
                              ^^^^^^^^^^^^^^^^^^^^
  File "C:\Users\annas\AppData\Local\Programs\Python\Python311\Lib\site-packages\laspy\point\record.py", line 229, in __getattr__
    return self[item]
           ~~~~^^^^^^
  File "C:\Users\annas\AppData\Local\Programs\Python\Python311\Lib\site-packages\laspy\point\record.py", line 185, in __getitem__
    composed_dim, sub_field = self.sub_fields_dict[item]
                              ^^^^^^^^^^^^^^^^^^^^
  File "C:\Users\annas\AppData\Local\Programs\Python\Python311\Lib\site-packages\laspy\point\record.py", line 229, in __getattr__
    return self[item]
           ~~~~^^^^^^
  File "C:\Users\annas\AppData\Local\Programs\Python\Python311\Lib\site-packages\laspy\point\record.py", line 185, in __getitem__
    composed_dim, sub_field = self.sub_fields_dict[item]
                              ^^^^^^^^^^^^^^^^^^^^
  File "C:\Users\annas\AppData\Local\Programs\Python\Python311\Lib\site-packages\laspy\point\record.py", line 229, in __getattr__
    return self[item]
           ~~~~^^^^^^
  File "C:\Users\annas\AppData\Local\Programs\Python\Python311\Lib\site-packages\laspy\point\record.py", line 185, in __getitem__
    composed_dim, sub_field = self.sub_fields_dict[item]
                              ^^^^^^^^^^^^^^^^^^^^
  File "C:\Users\annas\AppData\Local\Programs\Python\Python311\Lib\site-packages\laspy\point\record.py", line 229, in __getattr__
    return self[item]
           ~~~~^^^^^^
  File "C:\Users\annas\AppData\Local\Programs\Python\Python311\Lib\site-packages\laspy\point\record.py", line 185, in __getitem__
    composed_dim, sub_field = self.sub_fields_dict[item]
                              ^^^^^^^^^^^^^^^^^^^^
  File "C:\Users\annas\AppData\Local\Programs\Python\Python311\Lib\site-packages\laspy\point\record.py", line 229, in __getattr__
    return self[item]
           ~~~~^^^^^^
  File "C:\Users\annas\AppData\Local\Programs\Python\Python311\Lib\site-packages\laspy\point\record.py", line 185, in __getitem__
    composed_dim, sub_field = self.sub_fields_dict[item]
                              ^^^^^^^^^^^^^^^^^^^^
  File "C:\Users\annas\AppData\Local\Programs\Python\Python311\Lib\site-packages\laspy\point\record.py", line 229, in __getattr__
    return self[item]
           ~~~~^^^^^^
  File "C:\Users\annas\AppData\Local\Programs\Python\Python311\Lib\site-packages\laspy\point\record.py", line 185, in __getitem__
    composed_dim, sub_field = self.sub_fields_dict[item]
                              ^^^^^^^^^^^^^^^^^^^^
  File "C:\Users\annas\AppData\Local\Programs\Python\Python311\Lib\site-packages\laspy\point\record.py", line 229, in __getattr__
    return self[item]
           ~~~~^^^^^^
  File "C:\Users\annas\AppData\Local\Programs\Python\Python311\Lib\site-packages\laspy\point\record.py", line 185, in __getitem__
    composed_dim, sub_field = self.sub_fields_dict[item]
                              ^^^^^^^^^^^^^^^^^^^^
  File "C:\Users\annas\AppData\Local\Programs\Python\Python311\Lib\site-packages\laspy\point\record.py", line 229, in __getattr__
    return self[item]
           ~~~~^^^^^^
  File "C:\Users\annas\AppData\Local\Programs\Python\Python311\Lib\site-packages\laspy\point\record.py", line 185, in __getitem__
    composed_dim, sub_field = self.sub_fields_dict[item]
                              ^^^^^^^^^^^^^^^^^^^^
  File "C:\Users\annas\AppData\Local\Programs\Python\Python311\Lib\site-packages\laspy\point\record.py", line 229, in __getattr__
    return self[item]
           ~~~~^^^^^^
  File "C:\Users\annas\AppData\Local\Programs\Python\Python311\Lib\site-packages\laspy\point\record.py", line 185, in __getitem__
    composed_dim, sub_field = self.sub_fields_dict[item]
                              ^^^^^^^^^^^^^^^^^^^^
  File "C:\Users\annas\AppData\Local\Programs\Python\Python311\Lib\site-packages\laspy\point\record.py", line 229, in __getattr__
    return self[item]
           ~~~~^^^^^^
  File "C:\Users\annas\AppData\Local\Programs\Python\Python311\Lib\site-packages\laspy\point\record.py", line 185, in __getitem__
    composed_dim, sub_field = self.sub_fields_dict[item]
                              ^^^^^^^^^^^^^^^^^^^^
  File "C:\Users\annas\AppData\Local\Programs\Python\Python311\Lib\site-packages\laspy\point\record.py", line 229, in __getattr__
    return self[item]
           ~~~~^^^^^^
  File "C:\Users\annas\AppData\Local\Programs\Python\Python311\Lib\site-packages\laspy\point\record.py", line 185, in __getitem__
    composed_dim, sub_field = self.sub_fields_dict[item]
                              ^^^^^^^^^^^^^^^^^^^^
  File "C:\Users\annas\AppData\Local\Programs\Python\Python311\Lib\site-packages\laspy\point\record.py", line 229, in __getattr__
    return self[item]
           ~~~~^^^^^^
  File "C:\Users\annas\AppData\Local\Programs\Python\Python311\Lib\site-packages\laspy\point\record.py", line 185, in __getitem__
    composed_dim, sub_field = self.sub_fields_dict[item]
                              ^^^^^^^^^^^^^^^^^^^^
  File "C:\Users\annas\AppData\Local\Programs\Python\Python311\Lib\site-packages\laspy\point\record.py", line 229, in __getattr__
    return self[item]
           ~~~~^^^^^^
  File "C:\Users\annas\AppData\Local\Programs\Python\Python311\Lib\site-packages\laspy\point\record.py", line 185, in __getitem__
    composed_dim, sub_field = self.sub_fields_dict[item]
                              ^^^^^^^^^^^^^^^^^^^^
  File "C:\Users\annas\AppData\Local\Programs\Python\Python311\Lib\site-packages\laspy\point\record.py", line 229, in __getattr__
    return self[item]
           ~~~~^^^^^^
  File "C:\Users\annas\AppData\Local\Programs\Python\Python311\Lib\site-packages\laspy\point\record.py", line 185, in __getitem__
    composed_dim, sub_field = self.sub_fields_dict[item]
                              ^^^^^^^^^^^^^^^^^^^^
  File "C:\Users\annas\AppData\Local\Programs\Python\Python311\Lib\site-packages\laspy\point\record.py", line 229, in __getattr__
    return self[item]
           ~~~~^^^^^^
  File "C:\Users\annas\AppData\Local\Programs\Python\Python311\Lib\site-packages\laspy\point\record.py", line 185, in __getitem__
    composed_dim, sub_field = self.sub_fields_dict[item]
                              ^^^^^^^^^^^^^^^^^^^^
  File "C:\Users\annas\AppData\Local\Programs\Python\Python311\Lib\site-packages\laspy\point\record.py", line 229, in __getattr__
    return self[item]
           ~~~~^^^^^^
  File "C:\Users\annas\AppData\Local\Programs\Python\Python311\Lib\site-packages\laspy\point\record.py", line 185, in __getitem__
    composed_dim, sub_field = self.sub_fields_dict[item]
                              ^^^^^^^^^^^^^^^^^^^^
  File "C:\Users\annas\AppData\Local\Programs\Python\Python311\Lib\site-packages\laspy\point\record.py", line 229, in __getattr__
    return self[item]
           ~~~~^^^^^^
  File "C:\Users\annas\AppData\Local\Programs\Python\Python311\Lib\site-packages\laspy\point\record.py", line 185, in __getitem__
    composed_dim, sub_field = self.sub_fields_dict[item]
                              ^^^^^^^^^^^^^^^^^^^^
  File "C:\Users\annas\AppData\Local\Programs\Python\Python311\Lib\site-packages\laspy\point\record.py", line 229, in __getattr__
    return self[item]
           ~~~~^^^^^^
  File "C:\Users\annas\AppData\Local\Programs\Python\Python311\Lib\site-packages\laspy\point\record.py", line 185, in __getitem__
    composed_dim, sub_field = self.sub_fields_dict[item]
                              ^^^^^^^^^^^^^^^^^^^^
  File "C:\Users\annas\AppData\Local\Programs\Python\Python311\Lib\site-packages\laspy\point\record.py", line 229, in __getattr__
    return self[item]
           ~~~~^^^^^^
  File "C:\Users\annas\AppData\Local\Programs\Python\Python311\Lib\site-packages\laspy\point\record.py", line 185, in __getitem__
    composed_dim, sub_field = self.sub_fields_dict[item]
                              ^^^^^^^^^^^^^^^^^^^^
  File "C:\Users\annas\AppData\Local\Programs\Python\Python311\Lib\site-packages\laspy\point\record.py", line 229, in __getattr__
    return self[item]
           ~~~~^^^^^^
  File "C:\Users\annas\AppData\Local\Programs\Python\Python311\Lib\site-packages\laspy\point\record.py", line 185, in __getitem__
    composed_dim, sub_field = self.sub_fields_dict[item]
                              ^^^^^^^^^^^^^^^^^^^^
  File "C:\Users\annas\AppData\Local\Programs\Python\Python311\Lib\site-packages\laspy\point\record.py", line 229, in __getattr__
    return self[item]
           ~~~~^^^^^^
  File "C:\Users\annas\AppData\Local\Programs\Python\Python311\Lib\site-packages\laspy\point\record.py", line 185, in __getitem__
    composed_dim, sub_field = self.sub_fields_dict[item]
                              ^^^^^^^^^^^^^^^^^^^^
  File "C:\Users\annas\AppData\Local\Programs\Python\Python311\Lib\site-packages\laspy\point\record.py", line 229, in __getattr__
    return self[item]
           ~~~~^^^^^^
  File "C:\Users\annas\AppData\Local\Programs\Python\Python311\Lib\site-packages\laspy\point\record.py", line 185, in __getitem__
    composed_dim, sub_field = self.sub_fields_dict[item]
                              ^^^^^^^^^^^^^^^^^^^^
  File "C:\Users\annas\AppData\Local\Programs\Python\Python311\Lib\site-packages\laspy\point\record.py", line 229, in __getattr__
    return self[item]
           ~~~~^^^^^^
  File "C:\Users\annas\AppData\Local\Programs\Python\Python311\Lib\site-packages\laspy\point\record.py", line 185, in __getitem__
    composed_dim, sub_field = self.sub_fields_dict[item]
                              ^^^^^^^^^^^^^^^^^^^^
  File "C:\Users\annas\AppData\Local\Programs\Python\Python311\Lib\site-packages\laspy\point\record.py", line 229, in __getattr__
    return self[item]
           ~~~~^^^^^^
  File "C:\Users\annas\AppData\Local\Programs\Python\Python311\Lib\site-packages\laspy\point\record.py", line 185, in __getitem__
    composed_dim, sub_field = self.sub_fields_dict[item]
                              ^^^^^^^^^^^^^^^^^^^^
  File "C:\Users\annas\AppData\Local\Programs\Python\Python311\Lib\site-packages\laspy\point\record.py", line 229, in __getattr__
    return self[item]
           ~~~~^^^^^^
  File "C:\Users\annas\AppData\Local\Programs\Python\Python311\Lib\site-packages\laspy\point\record.py", line 185, in __getitem__
    composed_dim, sub_field = self.sub_fields_dict[item]
                              ^^^^^^^^^^^^^^^^^^^^
  File "C:\Users\annas\AppData\Local\Programs\Python\Python311\Lib\site-packages\laspy\point\record.py", line 229, in __getattr__
    return self[item]
           ~~~~^^^^^^
  File "C:\Users\annas\AppData\Local\Programs\Python\Python311\Lib\site-packages\laspy\point\record.py", line 185, in __getitem__
    composed_dim, sub_field = self.sub_fields_dict[item]
                              ^^^^^^^^^^^^^^^^^^^^
  File "C:\Users\annas\AppData\Local\Programs\Python\Python311\Lib\site-packages\laspy\point\record.py", line 229, in __getattr__
    return self[item]
           ~~~~^^^^^^
  File "C:\Users\annas\AppData\Local\Programs\Python\Python311\Lib\site-packages\laspy\point\record.py", line 185, in __getitem__
    composed_dim, sub_field = self.sub_fields_dict[item]
                              ^^^^^^^^^^^^^^^^^^^^
  File "C:\Users\annas\AppData\Local\Programs\Python\Python311\Lib\site-packages\laspy\point\record.py", line 229, in __getattr__
    return self[item]
           ~~~~^^^^^^
  File "C:\Users\annas\AppData\Local\Programs\Python\Python311\Lib\site-packages\laspy\point\record.py", line 185, in __getitem__
    composed_dim, sub_field = self.sub_fields_dict[item]
                              ^^^^^^^^^^^^^^^^^^^^
  File "C:\Users\annas\AppData\Local\Programs\Python\Python311\Lib\site-packages\laspy\point\record.py", line 229, in __getattr__
    return self[item]
           ~~~~^^^^^^
  File "C:\Users\annas\AppData\Local\Programs\Python\Python311\Lib\site-packages\laspy\point\record.py", line 185, in __getitem__
    composed_dim, sub_field = self.sub_fields_dict[item]
                              ^^^^^^^^^^^^^^^^^^^^
  File "C:\Users\annas\AppData\Local\Programs\Python\Python311\Lib\site-packages\laspy\point\record.py", line 229, in __getattr__
    return self[item]
           ~~~~^^^^^^
  File "C:\Users\annas\AppData\Local\Programs\Python\Python311\Lib\site-packages\laspy\point\record.py", line 185, in __getitem__
    composed_dim, sub_field = self.sub_fields_dict[item]
                              ^^^^^^^^^^^^^^^^^^^^
  File "C:\Users\annas\AppData\Local\Programs\Python\Python311\Lib\site-packages\laspy\point\record.py", line 229, in __getattr__
    return self[item]
           ~~~~^^^^^^
  File "C:\Users\annas\AppData\Local\Programs\Python\Python311\Lib\site-packages\laspy\point\record.py", line 185, in __getitem__
    composed_dim, sub_field = self.sub_fields_dict[item]
                              ^^^^^^^^^^^^^^^^^^^^
  File "C:\Users\annas\AppData\Local\Programs\Python\Python311\Lib\site-packages\laspy\point\record.py", line 229, in __getattr__
    return self[item]
           ~~~~^^^^^^
  File "C:\Users\annas\AppData\Local\Programs\Python\Python311\Lib\site-packages\laspy\point\record.py", line 185, in __getitem__
    composed_dim, sub_field = self.sub_fields_dict[item]
                              ^^^^^^^^^^^^^^^^^^^^
  File "C:\Users\annas\AppData\Local\Programs\Python\Python311\Lib\site-packages\laspy\point\record.py", line 229, in __getattr__
    return self[item]
           ~~~~^^^^^^
  File "C:\Users\annas\AppData\Local\Programs\Python\Python311\Lib\site-packages\laspy\point\record.py", line 185, in __getitem__
    composed_dim, sub_field = self.sub_fields_dict[item]
                              ^^^^^^^^^^^^^^^^^^^^
  File "C:\Users\annas\AppData\Local\Programs\Python\Python311\Lib\site-packages\laspy\point\record.py", line 229, in __getattr__
    return self[item]
           ~~~~^^^^^^
  File "C:\Users\annas\AppData\Local\Programs\Python\Python311\Lib\site-packages\laspy\point\record.py", line 185, in __getitem__
    composed_dim, sub_field = self.sub_fields_dict[item]
                              ^^^^^^^^^^^^^^^^^^^^
  File "C:\Users\annas\AppData\Local\Programs\Python\Python311\Lib\site-packages\laspy\point\record.py", line 229, in __getattr__
    return self[item]
           ~~~~^^^^^^
  File "C:\Users\annas\AppData\Local\Programs\Python\Python311\Lib\site-packages\laspy\point\record.py", line 185, in __getitem__
    composed_dim, sub_field = self.sub_fields_dict[item]
                              ^^^^^^^^^^^^^^^^^^^^
  File "C:\Users\annas\AppData\Local\Programs\Python\Python311\Lib\site-packages\laspy\point\record.py", line 229, in __getattr__
    return self[item]
           ~~~~^^^^^^
  File "C:\Users\annas\AppData\Local\Programs\Python\Python311\Lib\site-packages\laspy\point\record.py", line 185, in __getitem__
    composed_dim, sub_field = self.sub_fields_dict[item]
                              ^^^^^^^^^^^^^^^^^^^^
  File "C:\Users\annas\AppData\Local\Programs\Python\Python311\Lib\site-packages\laspy\point\record.py", line 229, in __getattr__
    return self[item]
           ~~~~^^^^^^
  File "C:\Users\annas\AppData\Local\Programs\Python\Python311\Lib\site-packages\laspy\point\record.py", line 185, in __getitem__
    composed_dim, sub_field = self.sub_fields_dict[item]
                              ^^^^^^^^^^^^^^^^^^^^
  File "C:\Users\annas\AppData\Local\Programs\Python\Python311\Lib\site-packages\laspy\point\record.py", line 229, in __getattr__
    return self[item]
           ~~~~^^^^^^
  File "C:\Users\annas\AppData\Local\Programs\Python\Python311\Lib\site-packages\laspy\point\record.py", line 185, in __getitem__
    composed_dim, sub_field = self.sub_fields_dict[item]
                              ^^^^^^^^^^^^^^^^^^^^
  File "C:\Users\annas\AppData\Local\Programs\Python\Python311\Lib\site-packages\laspy\point\record.py", line 229, in __getattr__
    return self[item]
           ~~~~^^^^^^
  File "C:\Users\annas\AppData\Local\Programs\Python\Python311\Lib\site-packages\laspy\point\record.py", line 185, in __getitem__
    composed_dim, sub_field = self.sub_fields_dict[item]
                              ^^^^^^^^^^^^^^^^^^^^
  File "C:\Users\annas\AppData\Local\Programs\Python\Python311\Lib\site-packages\laspy\point\record.py", line 229, in __getattr__
    return self[item]
           ~~~~^^^^^^
  File "C:\Users\annas\AppData\Local\Programs\Python\Python311\Lib\site-packages\laspy\point\record.py", line 185, in __getitem__
    composed_dim, sub_field = self.sub_fields_dict[item]
                              ^^^^^^^^^^^^^^^^^^^^
  File "C:\Users\annas\AppData\Local\Programs\Python\Python311\Lib\site-packages\laspy\point\record.py", line 229, in __getattr__
    return self[item]
           ~~~~^^^^^^
  File "C:\Users\annas\AppData\Local\Programs\Python\Python311\Lib\site-packages\laspy\point\record.py", line 185, in __getitem__
    composed_dim, sub_field = self.sub_fields_dict[item]
                              ^^^^^^^^^^^^^^^^^^^^
  File "C:\Users\annas\AppData\Local\Programs\Python\Python311\Lib\site-packages\laspy\point\record.py", line 229, in __getattr__
    return self[item]
           ~~~~^^^^^^
  File "C:\Users\annas\AppData\Local\Programs\Python\Python311\Lib\site-packages\laspy\point\record.py", line 185, in __getitem__
    composed_dim, sub_field = self.sub_fields_dict[item]
                              ^^^^^^^^^^^^^^^^^^^^
  File "C:\Users\annas\AppData\Local\Programs\Python\Python311\Lib\site-packages\laspy\point\record.py", line 229, in __getattr__
    return self[item]
           ~~~~^^^^^^
  File "C:\Users\annas\AppData\Local\Programs\Python\Python311\Lib\site-packages\laspy\point\record.py", line 185, in __getitem__
    composed_dim, sub_field = self.sub_fields_dict[item]
                              ^^^^^^^^^^^^^^^^^^^^
  File "C:\Users\annas\AppData\Local\Programs\Python\Python311\Lib\site-packages\laspy\point\record.py", line 229, in __getattr__
    return self[item]
           ~~~~^^^^^^
  File "C:\Users\annas\AppData\Local\Programs\Python\Python311\Lib\site-packages\laspy\point\record.py", line 185, in __getitem__
    composed_dim, sub_field = self.sub_fields_dict[item]
                              ^^^^^^^^^^^^^^^^^^^^
  File "C:\Users\annas\AppData\Local\Programs\Python\Python311\Lib\site-packages\laspy\point\record.py", line 229, in __getattr__
    return self[item]
           ~~~~^^^^^^
  File "C:\Users\annas\AppData\Local\Programs\Python\Python311\Lib\site-packages\laspy\point\record.py", line 185, in __getitem__
    composed_dim, sub_field = self.sub_fields_dict[item]
                              ^^^^^^^^^^^^^^^^^^^^
  File "C:\Users\annas\AppData\Local\Programs\Python\Python311\Lib\site-packages\laspy\point\record.py", line 229, in __getattr__
    return self[item]
           ~~~~^^^^^^
  File "C:\Users\annas\AppData\Local\Programs\Python\Python311\Lib\site-packages\laspy\point\record.py", line 185, in __getitem__
    composed_dim, sub_field = self.sub_fields_dict[item]
                              ^^^^^^^^^^^^^^^^^^^^
  File "C:\Users\annas\AppData\Local\Programs\Python\Python311\Lib\site-packages\laspy\point\record.py", line 229, in __getattr__
    return self[item]
           ~~~~^^^^^^
  File "C:\Users\annas\AppData\Local\Programs\Python\Python311\Lib\site-packages\laspy\point\record.py", line 185, in __getitem__
    composed_dim, sub_field = self.sub_fields_dict[item]
                              ^^^^^^^^^^^^^^^^^^^^
  File "C:\Users\annas\AppData\Local\Programs\Python\Python311\Lib\site-packages\laspy\point\record.py", line 229, in __getattr__
    return self[item]
           ~~~~^^^^^^
  File "C:\Users\annas\AppData\Local\Programs\Python\Python311\Lib\site-packages\laspy\point\record.py", line 185, in __getitem__
    composed_dim, sub_field = self.sub_fields_dict[item]
                              ^^^^^^^^^^^^^^^^^^^^
  File "C:\Users\annas\AppData\Local\Programs\Python\Python311\Lib\site-packages\laspy\point\record.py", line 229, in __getattr__
    return self[item]
           ~~~~^^^^^^
  File "C:\Users\annas\AppData\Local\Programs\Python\Python311\Lib\site-packages\laspy\point\record.py", line 185, in __getitem__
    composed_dim, sub_field = self.sub_fields_dict[item]
                              ^^^^^^^^^^^^^^^^^^^^
  File "C:\Users\annas\AppData\Local\Programs\Python\Python311\Lib\site-packages\laspy\point\record.py", line 229, in __getattr__
    return self[item]
           ~~~~^^^^^^
  File "C:\Users\annas\AppData\Local\Programs\Python\Python311\Lib\site-packages\laspy\point\record.py", line 185, in __getitem__
    composed_dim, sub_field = self.sub_fields_dict[item]
                              ^^^^^^^^^^^^^^^^^^^^
  File "C:\Users\annas\AppData\Local\Programs\Python\Python311\Lib\site-packages\laspy\point\record.py", line 229, in __getattr__
    return self[item]
           ~~~~^^^^^^
  File "C:\Users\annas\AppData\Local\Programs\Python\Python311\Lib\site-packages\laspy\point\record.py", line 185, in __getitem__
    composed_dim, sub_field = self.sub_fields_dict[item]
                              ^^^^^^^^^^^^^^^^^^^^
  File "C:\Users\annas\AppData\Local\Programs\Python\Python311\Lib\site-packages\laspy\point\record.py", line 229, in __getattr__
    return self[item]
           ~~~~^^^^^^
  File "C:\Users\annas\AppData\Local\Programs\Python\Python311\Lib\site-packages\laspy\point\record.py", line 185, in __getitem__
    composed_dim, sub_field = self.sub_fields_dict[item]
                              ^^^^^^^^^^^^^^^^^^^^
  File "C:\Users\annas\AppData\Local\Programs\Python\Python311\Lib\site-packages\laspy\point\record.py", line 229, in __getattr__
    return self[item]
           ~~~~^^^^^^
  File "C:\Users\annas\AppData\Local\Programs\Python\Python311\Lib\site-packages\laspy\point\record.py", line 185, in __getitem__
    composed_dim, sub_field = self.sub_fields_dict[item]
                              ^^^^^^^^^^^^^^^^^^^^
  File "C:\Users\annas\AppData\Local\Programs\Python\Python311\Lib\site-packages\laspy\point\record.py", line 229, in __getattr__
    return self[item]
           ~~~~^^^^^^
  File "C:\Users\annas\AppData\Local\Programs\Python\Python311\Lib\site-packages\laspy\point\record.py", line 185, in __getitem__
    composed_dim, sub_field = self.sub_fields_dict[item]
                              ^^^^^^^^^^^^^^^^^^^^
  File "C:\Users\annas\AppData\Local\Programs\Python\Python311\Lib\site-packages\laspy\point\record.py", line 229, in __getattr__
    return self[item]
           ~~~~^^^^^^
  File "C:\Users\annas\AppData\Local\Programs\Python\Python311\Lib\site-packages\laspy\point\record.py", line 185, in __getitem__
    composed_dim, sub_field = self.sub_fields_dict[item]
                              ^^^^^^^^^^^^^^^^^^^^
  File "C:\Users\annas\AppData\Local\Programs\Python\Python311\Lib\site-packages\laspy\point\record.py", line 229, in __getattr__
    return self[item]
           ~~~~^^^^^^
  File "C:\Users\annas\AppData\Local\Programs\Python\Python311\Lib\site-packages\laspy\point\record.py", line 185, in __getitem__
    composed_dim, sub_field = self.sub_fields_dict[item]
                              ^^^^^^^^^^^^^^^^^^^^
  File "C:\Users\annas\AppData\Local\Programs\Python\Python311\Lib\site-packages\laspy\point\record.py", line 229, in __getattr__
    return self[item]
           ~~~~^^^^^^
  File "C:\Users\annas\AppData\Local\Programs\Python\Python311\Lib\site-packages\laspy\point\record.py", line 185, in __getitem__
    composed_dim, sub_field = self.sub_fields_dict[item]
                              ^^^^^^^^^^^^^^^^^^^^
  File "C:\Users\annas\AppData\Local\Programs\Python\Python311\Lib\site-packages\laspy\point\record.py", line 229, in __getattr__
    return self[item]
           ~~~~^^^^^^
  File "C:\Users\annas\AppData\Local\Programs\Python\Python311\Lib\site-packages\laspy\point\record.py", line 185, in __getitem__
    composed_dim, sub_field = self.sub_fields_dict[item]
                              ^^^^^^^^^^^^^^^^^^^^
  File "C:\Users\annas\AppData\Local\Programs\Python\Python311\Lib\site-packages\laspy\point\record.py", line 229, in __getattr__
    return self[item]
           ~~~~^^^^^^
  File "C:\Users\annas\AppData\Local\Programs\Python\Python311\Lib\site-packages\laspy\point\record.py", line 185, in __getitem__
    composed_dim, sub_field = self.sub_fields_dict[item]
                              ^^^^^^^^^^^^^^^^^^^^
  File "C:\Users\annas\AppData\Local\Programs\Python\Python311\Lib\site-packages\laspy\point\record.py", line 229, in __getattr__
    return self[item]
           ~~~~^^^^^^
  File "C:\Users\annas\AppData\Local\Programs\Python\Python311\Lib\site-packages\laspy\point\record.py", line 185, in __getitem__
    composed_dim, sub_field = self.sub_fields_dict[item]
                              ^^^^^^^^^^^^^^^^^^^^
  File "C:\Users\annas\AppData\Local\Programs\Python\Python311\Lib\site-packages\laspy\point\record.py", line 229, in __getattr__
    return self[item]
           ~~~~^^^^^^
  File "C:\Users\annas\AppData\Local\Programs\Python\Python311\Lib\site-packages\laspy\point\record.py", line 185, in __getitem__
    composed_dim, sub_field = self.sub_fields_dict[item]
                              ^^^^^^^^^^^^^^^^^^^^
  File "C:\Users\annas\AppData\Local\Programs\Python\Python311\Lib\site-packages\laspy\point\record.py", line 229, in __getattr__
    return self[item]
           ~~~~^^^^^^
  File "C:\Users\annas\AppData\Local\Programs\Python\Python311\Lib\site-packages\laspy\point\record.py", line 185, in __getitem__
    composed_dim, sub_field = self.sub_fields_dict[item]
                              ^^^^^^^^^^^^^^^^^^^^
  File "C:\Users\annas\AppData\Local\Programs\Python\Python311\Lib\site-packages\laspy\point\record.py", line 229, in __getattr__
    return self[item]
           ~~~~^^^^^^
  File "C:\Users\annas\AppData\Local\Programs\Python\Python311\Lib\site-packages\laspy\point\record.py", line 185, in __getitem__
    composed_dim, sub_field = self.sub_fields_dict[item]
                              ^^^^^^^^^^^^^^^^^^^^
  File "C:\Users\annas\AppData\Local\Programs\Python\Python311\Lib\site-packages\laspy\point\record.py", line 229, in __getattr__
    return self[item]
           ~~~~^^^^^^
  File "C:\Users\annas\AppData\Local\Programs\Python\Python311\Lib\site-packages\laspy\point\record.py", line 185, in __getitem__
    composed_dim, sub_field = self.sub_fields_dict[item]
                              ^^^^^^^^^^^^^^^^^^^^
  File "C:\Users\annas\AppData\Local\Programs\Python\Python311\Lib\site-packages\laspy\point\record.py", line 229, in __getattr__
    return self[item]
           ~~~~^^^^^^
  File "C:\Users\annas\AppData\Local\Programs\Python\Python311\Lib\site-packages\laspy\point\record.py", line 185, in __getitem__
    composed_dim, sub_field = self.sub_fields_dict[item]
                              ^^^^^^^^^^^^^^^^^^^^
  File "C:\Users\annas\AppData\Local\Programs\Python\Python311\Lib\site-packages\laspy\point\record.py", line 229, in __getattr__
    return self[item]
           ~~~~^^^^^^
  File "C:\Users\annas\AppData\Local\Programs\Python\Python311\Lib\site-packages\laspy\point\record.py", line 185, in __getitem__
    composed_dim, sub_field = self.sub_fields_dict[item]
                              ^^^^^^^^^^^^^^^^^^^^
  File "C:\Users\annas\AppData\Local\Programs\Python\Python311\Lib\site-packages\laspy\point\record.py", line 229, in __getattr__
    return self[item]
           ~~~~^^^^^^
  File "C:\Users\annas\AppData\Local\Programs\Python\Python311\Lib\site-packages\laspy\point\record.py", line 185, in __getitem__
    composed_dim, sub_field = self.sub_fields_dict[item]
                              ^^^^^^^^^^^^^^^^^^^^
  File "C:\Users\annas\AppData\Local\Programs\Python\Python311\Lib\site-packages\laspy\point\record.py", line 229, in __getattr__
    return self[item]
           ~~~~^^^^^^
  File "C:\Users\annas\AppData\Local\Programs\Python\Python311\Lib\site-packages\laspy\point\record.py", line 185, in __getitem__
    composed_dim, sub_field = self.sub_fields_dict[item]
                              ^^^^^^^^^^^^^^^^^^^^
  File "C:\Users\annas\AppData\Local\Programs\Python\Python311\Lib\site-packages\laspy\point\record.py", line 229, in __getattr__
    return self[item]
           ~~~~^^^^^^
  File "C:\Users\annas\AppData\Local\Programs\Python\Python311\Lib\site-packages\laspy\point\record.py", line 185, in __getitem__
    composed_dim, sub_field = self.sub_fields_dict[item]
                              ^^^^^^^^^^^^^^^^^^^^
  File "C:\Users\annas\AppData\Local\Programs\Python\Python311\Lib\site-packages\laspy\point\record.py", line 229, in __getattr__
    return self[item]
           ~~~~^^^^^^
  File "C:\Users\annas\AppData\Local\Programs\Python\Python311\Lib\site-packages\laspy\point\record.py", line 185, in __getitem__
    composed_dim, sub_field = self.sub_fields_dict[item]
                              ^^^^^^^^^^^^^^^^^^^^
  File "C:\Users\annas\AppData\Local\Programs\Python\Python311\Lib\site-packages\laspy\point\record.py", line 229, in __getattr__
    return self[item]
           ~~~~^^^^^^
  File "C:\Users\annas\AppData\Local\Programs\Python\Python311\Lib\site-packages\laspy\point\record.py", line 185, in __getitem__
    composed_dim, sub_field = self.sub_fields_dict[item]
                              ^^^^^^^^^^^^^^^^^^^^
  File "C:\Users\annas\AppData\Local\Programs\Python\Python311\Lib\site-packages\laspy\point\record.py", line 229, in __getattr__
    return self[item]
           ~~~~^^^^^^
  File "C:\Users\annas\AppData\Local\Programs\Python\Python311\Lib\site-packages\laspy\point\record.py", line 185, in __getitem__
    composed_dim, sub_field = self.sub_fields_dict[item]
                              ^^^^^^^^^^^^^^^^^^^^
  File "C:\Users\annas\AppData\Local\Programs\Python\Python311\Lib\site-packages\laspy\point\record.py", line 229, in __getattr__
    return self[item]
           ~~~~^^^^^^
  File "C:\Users\annas\AppData\Local\Programs\Python\Python311\Lib\site-packages\laspy\point\record.py", line 185, in __getitem__
    composed_dim, sub_field = self.sub_fields_dict[item]
                              ^^^^^^^^^^^^^^^^^^^^
  File "C:\Users\annas\AppData\Local\Programs\Python\Python311\Lib\site-packages\laspy\point\record.py", line 229, in __getattr__
    return self[item]
           ~~~~^^^^^^
  File "C:\Users\annas\AppData\Local\Programs\Python\Python311\Lib\site-packages\laspy\point\record.py", line 185, in __getitem__
    composed_dim, sub_field = self.sub_fields_dict[item]
                              ^^^^^^^^^^^^^^^^^^^^
  File "C:\Users\annas\AppData\Local\Programs\Python\Python311\Lib\site-packages\laspy\point\record.py", line 229, in __getattr__
    return self[item]
           ~~~~^^^^^^
  File "C:\Users\annas\AppData\Local\Programs\Python\Python311\Lib\site-packages\laspy\point\record.py", line 185, in __getitem__
    composed_dim, sub_field = self.sub_fields_dict[item]
                              ^^^^^^^^^^^^^^^^^^^^
  File "C:\Users\annas\AppData\Local\Programs\Python\Python311\Lib\site-packages\laspy\point\record.py", line 229, in __getattr__
    return self[item]
           ~~~~^^^^^^
  File "C:\Users\annas\AppData\Local\Programs\Python\Python311\Lib\site-packages\laspy\point\record.py", line 185, in __getitem__
    composed_dim, sub_field = self.sub_fields_dict[item]
                              ^^^^^^^^^^^^^^^^^^^^
  File "C:\Users\annas\AppData\Local\Programs\Python\Python311\Lib\site-packages\laspy\point\record.py", line 229, in __getattr__
    return self[item]
           ~~~~^^^^^^
  File "C:\Users\annas\AppData\Local\Programs\Python\Python311\Lib\site-packages\laspy\point\record.py", line 185, in __getitem__
    composed_dim, sub_field = self.sub_fields_dict[item]
                              ^^^^^^^^^^^^^^^^^^^^
  File "C:\Users\annas\AppData\Local\Programs\Python\Python311\Lib\site-packages\laspy\point\record.py", line 229, in __getattr__
    return self[item]
           ~~~~^^^^^^
  File "C:\Users\annas\AppData\Local\Programs\Python\Python311\Lib\site-packages\laspy\point\record.py", line 185, in __getitem__
    composed_dim, sub_field = self.sub_fields_dict[item]
                              ^^^^^^^^^^^^^^^^^^^^
  File "C:\Users\annas\AppData\Local\Programs\Python\Python311\Lib\site-packages\laspy\point\record.py", line 229, in __getattr__
    return self[item]
           ~~~~^^^^^^
  File "C:\Users\annas\AppData\Local\Programs\Python\Python311\Lib\site-packages\laspy\point\record.py", line 185, in __getitem__
    composed_dim, sub_field = self.sub_fields_dict[item]
                              ^^^^^^^^^^^^^^^^^^^^
  File "C:\Users\annas\AppData\Local\Programs\Python\Python311\Lib\site-packages\laspy\point\record.py", line 229, in __getattr__
    return self[item]
           ~~~~^^^^^^
  File "C:\Users\annas\AppData\Local\Programs\Python\Python311\Lib\site-packages\laspy\point\record.py", line 185, in __getitem__
    composed_dim, sub_field = self.sub_fields_dict[item]
                              ^^^^^^^^^^^^^^^^^^^^
  File "C:\Users\annas\AppData\Local\Programs\Python\Python311\Lib\site-packages\laspy\point\record.py", line 229, in __getattr__
    return self[item]
           ~~~~^^^^^^
  File "C:\Users\annas\AppData\Local\Programs\Python\Python311\Lib\site-packages\laspy\point\record.py", line 185, in __getitem__
    composed_dim, sub_field = self.sub_fields_dict[item]
                              ^^^^^^^^^^^^^^^^^^^^
  File "C:\Users\annas\AppData\Local\Programs\Python\Python311\Lib\site-packages\laspy\point\record.py", line 229, in __getattr__
    return self[item]
           ~~~~^^^^^^
  File "C:\Users\annas\AppData\Local\Programs\Python\Python311\Lib\site-packages\laspy\point\record.py", line 185, in __getitem__
    composed_dim, sub_field = self.sub_fields_dict[item]
                              ^^^^^^^^^^^^^^^^^^^^
  File "C:\Users\annas\AppData\Local\Programs\Python\Python311\Lib\site-packages\laspy\point\record.py", line 229, in __getattr__
    return self[item]
           ~~~~^^^^^^
  File "C:\Users\annas\AppData\Local\Programs\Python\Python311\Lib\site-packages\laspy\point\record.py", line 185, in __getitem__
    composed_dim, sub_field = self.sub_fields_dict[item]
                              ^^^^^^^^^^^^^^^^^^^^
  File "C:\Users\annas\AppData\Local\Programs\Python\Python311\Lib\site-packages\laspy\point\record.py", line 229, in __getattr__
    return self[item]
           ~~~~^^^^^^
  File "C:\Users\annas\AppData\Local\Programs\Python\Python311\Lib\site-packages\laspy\point\record.py", line 185, in __getitem__
    composed_dim, sub_field = self.sub_fields_dict[item]
                              ^^^^^^^^^^^^^^^^^^^^
  File "C:\Users\annas\AppData\Local\Programs\Python\Python311\Lib\site-packages\laspy\point\record.py", line 229, in __getattr__
    return self[item]
           ~~~~^^^^^^
  File "C:\Users\annas\AppData\Local\Programs\Python\Python311\Lib\site-packages\laspy\point\record.py", line 185, in __getitem__
    composed_dim, sub_field = self.sub_fields_dict[item]
                              ^^^^^^^^^^^^^^^^^^^^
  File "C:\Users\annas\AppData\Local\Programs\Python\Python311\Lib\site-packages\laspy\point\record.py", line 229, in __getattr__
    return self[item]
           ~~~~^^^^^^
  File "C:\Users\annas\AppData\Local\Programs\Python\Python311\Lib\site-packages\laspy\point\record.py", line 185, in __getitem__
    composed_dim, sub_field = self.sub_fields_dict[item]
                              ^^^^^^^^^^^^^^^^^^^^
  File "C:\Users\annas\AppData\Local\Programs\Python\Python311\Lib\site-packages\laspy\point\record.py", line 229, in __getattr__
    return self[item]
           ~~~~^^^^^^
  File "C:\Users\annas\AppData\Local\Programs\Python\Python311\Lib\site-packages\laspy\point\record.py", line 185, in __getitem__
    composed_dim, sub_field = self.sub_fields_dict[item]
                              ^^^^^^^^^^^^^^^^^^^^
  File "C:\Users\annas\AppData\Local\Programs\Python\Python311\Lib\site-packages\laspy\point\record.py", line 229, in __getattr__
    return self[item]
           ~~~~^^^^^^
  File "C:\Users\annas\AppData\Local\Programs\Python\Python311\Lib\site-packages\laspy\point\record.py", line 185, in __getitem__
    composed_dim, sub_field = self.sub_fields_dict[item]
                              ^^^^^^^^^^^^^^^^^^^^
  File "C:\Users\annas\AppData\Local\Programs\Python\Python311\Lib\site-packages\laspy\point\record.py", line 229, in __getattr__
    return self[item]
           ~~~~^^^^^^
  File "C:\Users\annas\AppData\Local\Programs\Python\Python311\Lib\site-packages\laspy\point\record.py", line 185, in __getitem__
    composed_dim, sub_field = self.sub_fields_dict[item]
                              ^^^^^^^^^^^^^^^^^^^^
  File "C:\Users\annas\AppData\Local\Programs\Python\Python311\Lib\site-packages\laspy\point\record.py", line 229, in __getattr__
    return self[item]
           ~~~~^^^^^^
  File "C:\Users\annas\AppData\Local\Programs\Python\Python311\Lib\site-packages\laspy\point\record.py", line 185, in __getitem__
    composed_dim, sub_field = self.sub_fields_dict[item]
                              ^^^^^^^^^^^^^^^^^^^^
  File "C:\Users\annas\AppData\Local\Programs\Python\Python311\Lib\site-packages\laspy\point\record.py", line 229, in __getattr__
    return self[item]
           ~~~~^^^^^^
  File "C:\Users\annas\AppData\Local\Programs\Python\Python311\Lib\site-packages\laspy\point\record.py", line 185, in __getitem__
    composed_dim, sub_field = self.sub_fields_dict[item]
                              ^^^^^^^^^^^^^^^^^^^^
  File "C:\Users\annas\AppData\Local\Programs\Python\Python311\Lib\site-packages\laspy\point\record.py", line 229, in __getattr__
    return self[item]
           ~~~~^^^^^^
  File "C:\Users\annas\AppData\Local\Programs\Python\Python311\Lib\site-packages\laspy\point\record.py", line 185, in __getitem__
    composed_dim, sub_field = self.sub_fields_dict[item]
                              ^^^^^^^^^^^^^^^^^^^^
  File "C:\Users\annas\AppData\Local\Programs\Python\Python311\Lib\site-packages\laspy\point\record.py", line 229, in __getattr__
    return self[item]
           ~~~~^^^^^^
  File "C:\Users\annas\AppData\Local\Programs\Python\Python311\Lib\site-packages\laspy\point\record.py", line 185, in __getitem__
    composed_dim, sub_field = self.sub_fields_dict[item]
                              ^^^^^^^^^^^^^^^^^^^^
  File "C:\Users\annas\AppData\Local\Programs\Python\Python311\Lib\site-packages\laspy\point\record.py", line 229, in __getattr__
    return self[item]
           ~~~~^^^^^^
  File "C:\Users\annas\AppData\Local\Programs\Python\Python311\Lib\site-packages\laspy\point\record.py", line 185, in __getitem__
    composed_dim, sub_field = self.sub_fields_dict[item]
                              ^^^^^^^^^^^^^^^^^^^^
  File "C:\Users\annas\AppData\Local\Programs\Python\Python311\Lib\site-packages\laspy\point\record.py", line 229, in __getattr__
    return self[item]
           ~~~~^^^^^^
  File "C:\Users\annas\AppData\Local\Programs\Python\Python311\Lib\site-packages\laspy\point\record.py", line 185, in __getitem__
    composed_dim, sub_field = self.sub_fields_dict[item]
                              ^^^^^^^^^^^^^^^^^^^^
  File "C:\Users\annas\AppData\Local\Programs\Python\Python311\Lib\site-packages\laspy\point\record.py", line 229, in __getattr__
    return self[item]
           ~~~~^^^^^^
  File "C:\Users\annas\AppData\Local\Programs\Python\Python311\Lib\site-packages\laspy\point\record.py", line 185, in __getitem__
    composed_dim, sub_field = self.sub_fields_dict[item]
                              ^^^^^^^^^^^^^^^^^^^^
  File "C:\Users\annas\AppData\Local\Programs\Python\Python311\Lib\site-packages\laspy\point\record.py", line 229, in __getattr__
    return self[item]
           ~~~~^^^^^^
  File "C:\Users\annas\AppData\Local\Programs\Python\Python311\Lib\site-packages\laspy\point\record.py", line 185, in __getitem__
    composed_dim, sub_field = self.sub_fields_dict[item]
                              ^^^^^^^^^^^^^^^^^^^^
  File "C:\Users\annas\AppData\Local\Programs\Python\Python311\Lib\site-packages\laspy\point\record.py", line 229, in __getattr__
    return self[item]
           ~~~~^^^^^^
  File "C:\Users\annas\AppData\Local\Programs\Python\Python311\Lib\site-packages\laspy\point\record.py", line 185, in __getitem__
    composed_dim, sub_field = self.sub_fields_dict[item]
                              ^^^^^^^^^^^^^^^^^^^^
  File "C:\Users\annas\AppData\Local\Programs\Python\Python311\Lib\site-packages\laspy\point\record.py", line 229, in __getattr__
    return self[item]
           ~~~~^^^^^^
  File "C:\Users\annas\AppData\Local\Programs\Python\Python311\Lib\site-packages\laspy\point\record.py", line 185, in __getitem__
    composed_dim, sub_field = self.sub_fields_dict[item]
                              ^^^^^^^^^^^^^^^^^^^^
  File "C:\Users\annas\AppData\Local\Programs\Python\Python311\Lib\site-packages\laspy\point\record.py", line 229, in __getattr__
    return self[item]
           ~~~~^^^^^^
  File "C:\Users\annas\AppData\Local\Programs\Python\Python311\Lib\site-packages\laspy\point\record.py", line 185, in __getitem__
    composed_dim, sub_field = self.sub_fields_dict[item]
                              ^^^^^^^^^^^^^^^^^^^^
  File "C:\Users\annas\AppData\Local\Programs\Python\Python311\Lib\site-packages\laspy\point\record.py", line 229, in __getattr__
    return self[item]
           ~~~~^^^^^^
  File "C:\Users\annas\AppData\Local\Programs\Python\Python311\Lib\site-packages\laspy\point\record.py", line 185, in __getitem__
    composed_dim, sub_field = self.sub_fields_dict[item]
                              ^^^^^^^^^^^^^^^^^^^^
  File "C:\Users\annas\AppData\Local\Programs\Python\Python311\Lib\site-packages\laspy\point\record.py", line 229, in __getattr__
    return self[item]
           ~~~~^^^^^^
  File "C:\Users\annas\AppData\Local\Programs\Python\Python311\Lib\site-packages\laspy\point\record.py", line 185, in __getitem__
    composed_dim, sub_field = self.sub_fields_dict[item]
                              ^^^^^^^^^^^^^^^^^^^^
  File "C:\Users\annas\AppData\Local\Programs\Python\Python311\Lib\site-packages\laspy\point\record.py", line 229, in __getattr__
    return self[item]
           ~~~~^^^^^^
  File "C:\Users\annas\AppData\Local\Programs\Python\Python311\Lib\site-packages\laspy\point\record.py", line 185, in __getitem__
    composed_dim, sub_field = self.sub_fields_dict[item]
                              ^^^^^^^^^^^^^^^^^^^^
  File "C:\Users\annas\AppData\Local\Programs\Python\Python311\Lib\site-packages\laspy\point\record.py", line 229, in __getattr__
    return self[item]
           ~~~~^^^^^^
  File "C:\Users\annas\AppData\Local\Programs\Python\Python311\Lib\site-packages\laspy\point\record.py", line 185, in __getitem__
    composed_dim, sub_field = self.sub_fields_dict[item]
                              ^^^^^^^^^^^^^^^^^^^^
  File "C:\Users\annas\AppData\Local\Programs\Python\Python311\Lib\site-packages\laspy\point\record.py", line 229, in __getattr__
    return self[item]
           ~~~~^^^^^^
  File "C:\Users\annas\AppData\Local\Programs\Python\Python311\Lib\site-packages\laspy\point\record.py", line 185, in __getitem__
    composed_dim, sub_field = self.sub_fields_dict[item]
                              ^^^^^^^^^^^^^^^^^^^^
  File "C:\Users\annas\AppData\Local\Programs\Python\Python311\Lib\site-packages\laspy\point\record.py", line 229, in __getattr__
    return self[item]
           ~~~~^^^^^^
  File "C:\Users\annas\AppData\Local\Programs\Python\Python311\Lib\site-packages\laspy\point\record.py", line 185, in __getitem__
    composed_dim, sub_field = self.sub_fields_dict[item]
                              ^^^^^^^^^^^^^^^^^^^^
  File "C:\Users\annas\AppData\Local\Programs\Python\Python311\Lib\site-packages\laspy\point\record.py", line 229, in __getattr__
    return self[item]
           ~~~~^^^^^^
  File "C:\Users\annas\AppData\Local\Programs\Python\Python311\Lib\site-packages\laspy\point\record.py", line 185, in __getitem__
    composed_dim, sub_field = self.sub_fields_dict[item]
                              ^^^^^^^^^^^^^^^^^^^^
  File "C:\Users\annas\AppData\Local\Programs\Python\Python311\Lib\site-packages\laspy\point\record.py", line 229, in __getattr__
    return self[item]
           ~~~~^^^^^^
  File "C:\Users\annas\AppData\Local\Programs\Python\Python311\Lib\site-packages\laspy\point\record.py", line 185, in __getitem__
    composed_dim, sub_field = self.sub_fields_dict[item]
                              ^^^^^^^^^^^^^^^^^^^^
  File "C:\Users\annas\AppData\Local\Programs\Python\Python311\Lib\site-packages\laspy\point\record.py", line 229, in __getattr__
    return self[item]
           ~~~~^^^^^^
  File "C:\Users\annas\AppData\Local\Programs\Python\Python311\Lib\site-packages\laspy\point\record.py", line 185, in __getitem__
    composed_dim, sub_field = self.sub_fields_dict[item]
                              ^^^^^^^^^^^^^^^^^^^^
  File "C:\Users\annas\AppData\Local\Programs\Python\Python311\Lib\site-packages\laspy\point\record.py", line 229, in __getattr__
    return self[item]
           ~~~~^^^^^^
  File "C:\Users\annas\AppData\Local\Programs\Python\Python311\Lib\site-packages\laspy\point\record.py", line 185, in __getitem__
    composed_dim, sub_field = self.sub_fields_dict[item]
                              ^^^^^^^^^^^^^^^^^^^^
  File "C:\Users\annas\AppData\Local\Programs\Python\Python311\Lib\site-packages\laspy\point\record.py", line 229, in __getattr__
    return self[item]
           ~~~~^^^^^^
  File "C:\Users\annas\AppData\Local\Programs\Python\Python311\Lib\site-packages\laspy\point\record.py", line 185, in __getitem__
    composed_dim, sub_field = self.sub_fields_dict[item]
                              ^^^^^^^^^^^^^^^^^^^^
  File "C:\Users\annas\AppData\Local\Programs\Python\Python311\Lib\site-packages\laspy\point\record.py", line 229, in __getattr__
    return self[item]
           ~~~~^^^^^^
  File "C:\Users\annas\AppData\Local\Programs\Python\Python311\Lib\site-packages\laspy\point\record.py", line 185, in __getitem__
    composed_dim, sub_field = self.sub_fields_dict[item]
                              ^^^^^^^^^^^^^^^^^^^^
  File "C:\Users\annas\AppData\Local\Programs\Python\Python311\Lib\site-packages\laspy\point\record.py", line 229, in __getattr__
    return self[item]
           ~~~~^^^^^^
  File "C:\Users\annas\AppData\Local\Programs\Python\Python311\Lib\site-packages\laspy\point\record.py", line 185, in __getitem__
    composed_dim, sub_field = self.sub_fields_dict[item]
                              ^^^^^^^^^^^^^^^^^^^^
  File "C:\Users\annas\AppData\Local\Programs\Python\Python311\Lib\site-packages\laspy\point\record.py", line 229, in __getattr__
    return self[item]
           ~~~~^^^^^^
  File "C:\Users\annas\AppData\Local\Programs\Python\Python311\Lib\site-packages\laspy\point\record.py", line 185, in __getitem__
    composed_dim, sub_field = self.sub_fields_dict[item]
                              ^^^^^^^^^^^^^^^^^^^^
  File "C:\Users\annas\AppData\Local\Programs\Python\Python311\Lib\site-packages\laspy\point\record.py", line 229, in __getattr__
    return self[item]
           ~~~~^^^^^^
  File "C:\Users\annas\AppData\Local\Programs\Python\Python311\Lib\site-packages\laspy\point\record.py", line 185, in __getitem__
    composed_dim, sub_field = self.sub_fields_dict[item]
                              ^^^^^^^^^^^^^^^^^^^^
  File "C:\Users\annas\AppData\Local\Programs\Python\Python311\Lib\site-packages\laspy\point\record.py", line 229, in __getattr__
    return self[item]
           ~~~~^^^^^^
  File "C:\Users\annas\AppData\Local\Programs\Python\Python311\Lib\site-packages\laspy\point\record.py", line 185, in __getitem__
    composed_dim, sub_field = self.sub_fields_dict[item]
                              ^^^^^^^^^^^^^^^^^^^^
  File "C:\Users\annas\AppData\Local\Programs\Python\Python311\Lib\site-packages\laspy\point\record.py", line 229, in __getattr__
    return self[item]
           ~~~~^^^^^^
  File "C:\Users\annas\AppData\Local\Programs\Python\Python311\Lib\site-packages\laspy\point\record.py", line 185, in __getitem__
    composed_dim, sub_field = self.sub_fields_dict[item]
                              ^^^^^^^^^^^^^^^^^^^^
  File "C:\Users\annas\AppData\Local\Programs\Python\Python311\Lib\site-packages\laspy\point\record.py", line 229, in __getattr__
    return self[item]
           ~~~~^^^^^^
  File "C:\Users\annas\AppData\Local\Programs\Python\Python311\Lib\site-packages\laspy\point\record.py", line 185, in __getitem__
    composed_dim, sub_field = self.sub_fields_dict[item]
                              ^^^^^^^^^^^^^^^^^^^^
  File "C:\Users\annas\AppData\Local\Programs\Python\Python311\Lib\site-packages\laspy\point\record.py", line 229, in __getattr__
    return self[item]
           ~~~~^^^^^^
  File "C:\Users\annas\AppData\Local\Programs\Python\Python311\Lib\site-packages\laspy\point\record.py", line 185, in __getitem__
    composed_dim, sub_field = self.sub_fields_dict[item]
                              ^^^^^^^^^^^^^^^^^^^^
  File "C:\Users\annas\AppData\Local\Programs\Python\Python311\Lib\site-packages\laspy\point\record.py", line 229, in __getattr__
    return self[item]
           ~~~~^^^^^^
  File "C:\Users\annas\AppData\Local\Programs\Python\Python311\Lib\site-packages\laspy\point\record.py", line 185, in __getitem__
    composed_dim, sub_field = self.sub_fields_dict[item]
                              ^^^^^^^^^^^^^^^^^^^^
  File "C:\Users\annas\AppData\Local\Programs\Python\Python311\Lib\site-packages\laspy\point\record.py", line 229, in __getattr__
    return self[item]
           ~~~~^^^^^^
  File "C:\Users\annas\AppData\Local\Programs\Python\Python311\Lib\site-packages\laspy\point\record.py", line 185, in __getitem__
    composed_dim, sub_field = self.sub_fields_dict[item]
                              ^^^^^^^^^^^^^^^^^^^^
  File "C:\Users\annas\AppData\Local\Programs\Python\Python311\Lib\site-packages\laspy\point\record.py", line 229, in __getattr__
    return self[item]
           ~~~~^^^^^^
  File "C:\Users\annas\AppData\Local\Programs\Python\Python311\Lib\site-packages\laspy\point\record.py", line 185, in __getitem__
    composed_dim, sub_field = self.sub_fields_dict[item]
                              ^^^^^^^^^^^^^^^^^^^^
  File "C:\Users\annas\AppData\Local\Programs\Python\Python311\Lib\site-packages\laspy\point\record.py", line 229, in __getattr__
    return self[item]
           ~~~~^^^^^^
  File "C:\Users\annas\AppData\Local\Programs\Python\Python311\Lib\site-packages\laspy\point\record.py", line 185, in __getitem__
    composed_dim, sub_field = self.sub_fields_dict[item]
                              ^^^^^^^^^^^^^^^^^^^^
  File "C:\Users\annas\AppData\Local\Programs\Python\Python311\Lib\site-packages\laspy\point\record.py", line 229, in __getattr__
    return self[item]
           ~~~~^^^^^^
  File "C:\Users\annas\AppData\Local\Programs\Python\Python311\Lib\site-packages\laspy\point\record.py", line 185, in __getitem__
    composed_dim, sub_field = self.sub_fields_dict[item]
                              ^^^^^^^^^^^^^^^^^^^^
  File "C:\Users\annas\AppData\Local\Programs\Python\Python311\Lib\site-packages\laspy\point\record.py", line 229, in __getattr__
    return self[item]
           ~~~~^^^^^^
  File "C:\Users\annas\AppData\Local\Programs\Python\Python311\Lib\site-packages\laspy\point\record.py", line 185, in __getitem__
    composed_dim, sub_field = self.sub_fields_dict[item]
                              ^^^^^^^^^^^^^^^^^^^^
  File "C:\Users\annas\AppData\Local\Programs\Python\Python311\Lib\site-packages\laspy\point\record.py", line 229, in __getattr__
    return self[item]
           ~~~~^^^^^^
  File "C:\Users\annas\AppData\Local\Programs\Python\Python311\Lib\site-packages\laspy\point\record.py", line 185, in __getitem__
    composed_dim, sub_field = self.sub_fields_dict[item]
                              ^^^^^^^^^^^^^^^^^^^^
  File "C:\Users\annas\AppData\Local\Programs\Python\Python311\Lib\site-packages\laspy\point\record.py", line 229, in __getattr__
    return self[item]
           ~~~~^^^^^^
  File "C:\Users\annas\AppData\Local\Programs\Python\Python311\Lib\site-packages\laspy\point\record.py", line 185, in __getitem__
    composed_dim, sub_field = self.sub_fields_dict[item]
                              ^^^^^^^^^^^^^^^^^^^^
  File "C:\Users\annas\AppData\Local\Programs\Python\Python311\Lib\site-packages\laspy\point\record.py", line 229, in __getattr__
    return self[item]
           ~~~~^^^^^^
  File "C:\Users\annas\AppData\Local\Programs\Python\Python311\Lib\site-packages\laspy\point\record.py", line 185, in __getitem__
    composed_dim, sub_field = self.sub_fields_dict[item]
                              ^^^^^^^^^^^^^^^^^^^^
  File "C:\Users\annas\AppData\Local\Programs\Python\Python311\Lib\site-packages\laspy\point\record.py", line 229, in __getattr__
    return self[item]
           ~~~~^^^^^^
  File "C:\Users\annas\AppData\Local\Programs\Python\Python311\Lib\site-packages\laspy\point\record.py", line 185, in __getitem__
    composed_dim, sub_field = self.sub_fields_dict[item]
                              ^^^^^^^^^^^^^^^^^^^^
  File "C:\Users\annas\AppData\Local\Programs\Python\Python311\Lib\site-packages\laspy\point\record.py", line 229, in __getattr__
    return self[item]
           ~~~~^^^^^^
  File "C:\Users\annas\AppData\Local\Programs\Python\Python311\Lib\site-packages\laspy\point\record.py", line 185, in __getitem__
    composed_dim, sub_field = self.sub_fields_dict[item]
                              ^^^^^^^^^^^^^^^^^^^^
  File "C:\Users\annas\AppData\Local\Programs\Python\Python311\Lib\site-packages\laspy\point\record.py", line 229, in __getattr__
    return self[item]
           ~~~~^^^^^^
  File "C:\Users\annas\AppData\Local\Programs\Python\Python311\Lib\site-packages\laspy\point\record.py", line 185, in __getitem__
    composed_dim, sub_field = self.sub_fields_dict[item]
                              ^^^^^^^^^^^^^^^^^^^^
  File "C:\Users\annas\AppData\Local\Programs\Python\Python311\Lib\site-packages\laspy\point\record.py", line 229, in __getattr__
    return self[item]
           ~~~~^^^^^^
  File "C:\Users\annas\AppData\Local\Programs\Python\Python311\Lib\site-packages\laspy\point\record.py", line 185, in __getitem__
    composed_dim, sub_field = self.sub_fields_dict[item]
                              ^^^^^^^^^^^^^^^^^^^^
  File "C:\Users\annas\AppData\Local\Programs\Python\Python311\Lib\site-packages\laspy\point\record.py", line 229, in __getattr__
    return self[item]
           ~~~~^^^^^^
  File "C:\Users\annas\AppData\Local\Programs\Python\Python311\Lib\site-packages\laspy\point\record.py", line 185, in __getitem__
    composed_dim, sub_field = self.sub_fields_dict[item]
                              ^^^^^^^^^^^^^^^^^^^^
  File "C:\Users\annas\AppData\Local\Programs\Python\Python311\Lib\site-packages\laspy\point\record.py", line 229, in __getattr__
    return self[item]
           ~~~~^^^^^^
  File "C:\Users\annas\AppData\Local\Programs\Python\Python311\Lib\site-packages\laspy\point\record.py", line 185, in __getitem__
    composed_dim, sub_field = self.sub_fields_dict[item]
                              ^^^^^^^^^^^^^^^^^^^^
  File "C:\Users\annas\AppData\Local\Programs\Python\Python311\Lib\site-packages\laspy\point\record.py", line 229, in __getattr__
    return self[item]
           ~~~~^^^^^^
  File "C:\Users\annas\AppData\Local\Programs\Python\Python311\Lib\site-packages\laspy\point\record.py", line 185, in __getitem__
    composed_dim, sub_field = self.sub_fields_dict[item]
                              ^^^^^^^^^^^^^^^^^^^^
  File "C:\Users\annas\AppData\Local\Programs\Python\Python311\Lib\site-packages\laspy\point\record.py", line 229, in __getattr__
    return self[item]
           ~~~~^^^^^^
  File "C:\Users\annas\AppData\Local\Programs\Python\Python311\Lib\site-packages\laspy\point\record.py", line 185, in __getitem__
    composed_dim, sub_field = self.sub_fields_dict[item]
                              ^^^^^^^^^^^^^^^^^^^^
  File "C:\Users\annas\AppData\Local\Programs\Python\Python311\Lib\site-packages\laspy\point\record.py", line 229, in __getattr__
    return self[item]
           ~~~~^^^^^^
  File "C:\Users\annas\AppData\Local\Programs\Python\Python311\Lib\site-packages\laspy\point\record.py", line 185, in __getitem__
    composed_dim, sub_field = self.sub_fields_dict[item]
                              ^^^^^^^^^^^^^^^^^^^^
  File "C:\Users\annas\AppData\Local\Programs\Python\Python311\Lib\site-packages\laspy\point\record.py", line 229, in __getattr__
    return self[item]
           ~~~~^^^^^^
  File "C:\Users\annas\AppData\Local\Programs\Python\Python311\Lib\site-packages\laspy\point\record.py", line 185, in __getitem__
    composed_dim, sub_field = self.sub_fields_dict[item]
                              ^^^^^^^^^^^^^^^^^^^^
  File "C:\Users\annas\AppData\Local\Programs\Python\Python311\Lib\site-packages\laspy\point\record.py", line 229, in __getattr__
    return self[item]
           ~~~~^^^^^^
  File "C:\Users\annas\AppData\Local\Programs\Python\Python311\Lib\site-packages\laspy\point\record.py", line 185, in __getitem__
    composed_dim, sub_field = self.sub_fields_dict[item]
                              ^^^^^^^^^^^^^^^^^^^^
  File "C:\Users\annas\AppData\Local\Programs\Python\Python311\Lib\site-packages\laspy\point\record.py", line 229, in __getattr__
    return self[item]
           ~~~~^^^^^^
  File "C:\Users\annas\AppData\Local\Programs\Python\Python311\Lib\site-packages\laspy\point\record.py", line 185, in __getitem__
    composed_dim, sub_field = self.sub_fields_dict[item]
                              ^^^^^^^^^^^^^^^^^^^^
  File "C:\Users\annas\AppData\Local\Programs\Python\Python311\Lib\site-packages\laspy\point\record.py", line 229, in __getattr__
    return self[item]
           ~~~~^^^^^^
  File "C:\Users\annas\AppData\Local\Programs\Python\Python311\Lib\site-packages\laspy\point\record.py", line 185, in __getitem__
    composed_dim, sub_field = self.sub_fields_dict[item]
                              ^^^^^^^^^^^^^^^^^^^^
  File "C:\Users\annas\AppData\Local\Programs\Python\Python311\Lib\site-packages\laspy\point\record.py", line 229, in __getattr__
    return self[item]
           ~~~~^^^^^^
  File "C:\Users\annas\AppData\Local\Programs\Python\Python311\Lib\site-packages\laspy\point\record.py", line 185, in __getitem__
    composed_dim, sub_field = self.sub_fields_dict[item]
                              ^^^^^^^^^^^^^^^^^^^^
  File "C:\Users\annas\AppData\Local\Programs\Python\Python311\Lib\site-packages\laspy\point\record.py", line 229, in __getattr__
    return self[item]
           ~~~~^^^^^^
  File "C:\Users\annas\AppData\Local\Programs\Python\Python311\Lib\site-packages\laspy\point\record.py", line 185, in __getitem__
    composed_dim, sub_field = self.sub_fields_dict[item]
                              ^^^^^^^^^^^^^^^^^^^^
  File "C:\Users\annas\AppData\Local\Programs\Python\Python311\Lib\site-packages\laspy\point\record.py", line 229, in __getattr__
    return self[item]
           ~~~~^^^^^^
  File "C:\Users\annas\AppData\Local\Programs\Python\Python311\Lib\site-packages\laspy\point\record.py", line 185, in __getitem__
    composed_dim, sub_field = self.sub_fields_dict[item]
                              ^^^^^^^^^^^^^^^^^^^^
  File "C:\Users\annas\AppData\Local\Programs\Python\Python311\Lib\site-packages\laspy\point\record.py", line 229, in __getattr__
    return self[item]
           ~~~~^^^^^^
  File "C:\Users\annas\AppData\Local\Programs\Python\Python311\Lib\site-packages\laspy\point\record.py", line 185, in __getitem__
    composed_dim, sub_field = self.sub_fields_dict[item]
                              ^^^^^^^^^^^^^^^^^^^^
  File "C:\Users\annas\AppData\Local\Programs\Python\Python311\Lib\site-packages\laspy\point\record.py", line 229, in __getattr__
    return self[item]
           ~~~~^^^^^^
  File "C:\Users\annas\AppData\Local\Programs\Python\Python311\Lib\site-packages\laspy\point\record.py", line 185, in __getitem__
    composed_dim, sub_field = self.sub_fields_dict[item]
                              ^^^^^^^^^^^^^^^^^^^^
  File "C:\Users\annas\AppData\Local\Programs\Python\Python311\Lib\site-packages\laspy\point\record.py", line 229, in __getattr__
    return self[item]
           ~~~~^^^^^^
  File "C:\Users\annas\AppData\Local\Programs\Python\Python311\Lib\site-packages\laspy\point\record.py", line 185, in __getitem__
    composed_dim, sub_field = self.sub_fields_dict[item]
                              ^^^^^^^^^^^^^^^^^^^^
  File "C:\Users\annas\AppData\Local\Programs\Python\Python311\Lib\site-packages\laspy\point\record.py", line 229, in __getattr__
    return self[item]
           ~~~~^^^^^^
  File "C:\Users\annas\AppData\Local\Programs\Python\Python311\Lib\site-packages\laspy\point\record.py", line 185, in __getitem__
    composed_dim, sub_field = self.sub_fields_dict[item]
                              ^^^^^^^^^^^^^^^^^^^^
  File "C:\Users\annas\AppData\Local\Programs\Python\Python311\Lib\site-packages\laspy\point\record.py", line 229, in __getattr__
    return self[item]
           ~~~~^^^^^^
  File "C:\Users\annas\AppData\Local\Programs\Python\Python311\Lib\site-packages\laspy\point\record.py", line 185, in __getitem__
    composed_dim, sub_field = self.sub_fields_dict[item]
                              ^^^^^^^^^^^^^^^^^^^^
  File "C:\Users\annas\AppData\Local\Programs\Python\Python311\Lib\site-packages\laspy\point\record.py", line 229, in __getattr__
    return self[item]
           ~~~~^^^^^^
  File "C:\Users\annas\AppData\Local\Programs\Python\Python311\Lib\site-packages\laspy\point\record.py", line 185, in __getitem__
    composed_dim, sub_field = self.sub_fields_dict[item]
                              ^^^^^^^^^^^^^^^^^^^^
  File "C:\Users\annas\AppData\Local\Programs\Python\Python311\Lib\site-packages\laspy\point\record.py", line 229, in __getattr__
    return self[item]
           ~~~~^^^^^^
  File "C:\Users\annas\AppData\Local\Programs\Python\Python311\Lib\site-packages\laspy\point\record.py", line 185, in __getitem__
    composed_dim, sub_field = self.sub_fields_dict[item]
                              ^^^^^^^^^^^^^^^^^^^^
  File "C:\Users\annas\AppData\Local\Programs\Python\Python311\Lib\site-packages\laspy\point\record.py", line 229, in __getattr__
    return self[item]
           ~~~~^^^^^^
  File "C:\Users\annas\AppData\Local\Programs\Python\Python311\Lib\site-packages\laspy\point\record.py", line 185, in __getitem__
    composed_dim, sub_field = self.sub_fields_dict[item]
                              ^^^^^^^^^^^^^^^^^^^^
  File "C:\Users\annas\AppData\Local\Programs\Python\Python311\Lib\site-packages\laspy\point\record.py", line 229, in __getattr__
    return self[item]
           ~~~~^^^^^^
  File "C:\Users\annas\AppData\Local\Programs\Python\Python311\Lib\site-packages\laspy\point\record.py", line 185, in __getitem__
    composed_dim, sub_field = self.sub_fields_dict[item]
                              ^^^^^^^^^^^^^^^^^^^^
  File "C:\Users\annas\AppData\Local\Programs\Python\Python311\Lib\site-packages\laspy\point\record.py", line 229, in __getattr__
    return self[item]
           ~~~~^^^^^^
  File "C:\Users\annas\AppData\Local\Programs\Python\Python311\Lib\site-packages\laspy\point\record.py", line 185, in __getitem__
    composed_dim, sub_field = self.sub_fields_dict[item]
                              ^^^^^^^^^^^^^^^^^^^^
  File "C:\Users\annas\AppData\Local\Programs\Python\Python311\Lib\site-packages\laspy\point\record.py", line 229, in __getattr__
    return self[item]
           ~~~~^^^^^^
  File "C:\Users\annas\AppData\Local\Programs\Python\Python311\Lib\site-packages\laspy\point\record.py", line 185, in __getitem__
    composed_dim, sub_field = self.sub_fields_dict[item]
                              ^^^^^^^^^^^^^^^^^^^^
  File "C:\Users\annas\AppData\Local\Programs\Python\Python311\Lib\site-packages\laspy\point\record.py", line 229, in __getattr__
    return self[item]
           ~~~~^^^^^^
  File "C:\Users\annas\AppData\Local\Programs\Python\Python311\Lib\site-packages\laspy\point\record.py", line 185, in __getitem__
    composed_dim, sub_field = self.sub_fields_dict[item]
                              ^^^^^^^^^^^^^^^^^^^^
  File "C:\Users\annas\AppData\Local\Programs\Python\Python311\Lib\site-packages\laspy\point\record.py", line 229, in __getattr__
    return self[item]
           ~~~~^^^^^^
  File "C:\Users\annas\AppData\Local\Programs\Python\Python311\Lib\site-packages\laspy\point\record.py", line 185, in __getitem__
    composed_dim, sub_field = self.sub_fields_dict[item]
                              ^^^^^^^^^^^^^^^^^^^^
  File "C:\Users\annas\AppData\Local\Programs\Python\Python311\Lib\site-packages\laspy\point\record.py", line 229, in __getattr__
    return self[item]
           ~~~~^^^^^^
  File "C:\Users\annas\AppData\Local\Programs\Python\Python311\Lib\site-packages\laspy\point\record.py", line 185, in __getitem__
    composed_dim, sub_field = self.sub_fields_dict[item]
                              ^^^^^^^^^^^^^^^^^^^^
  File "C:\Users\annas\AppData\Local\Programs\Python\Python311\Lib\site-packages\laspy\point\record.py", line 229, in __getattr__
    return self[item]
           ~~~~^^^^^^
  File "C:\Users\annas\AppData\Local\Programs\Python\Python311\Lib\site-packages\laspy\point\record.py", line 185, in __getitem__
    composed_dim, sub_field = self.sub_fields_dict[item]
                              ^^^^^^^^^^^^^^^^^^^^
  File "C:\Users\annas\AppData\Local\Programs\Python\Python311\Lib\site-packages\laspy\point\record.py", line 229, in __getattr__
    return self[item]
           ~~~~^^^^^^
  File "C:\Users\annas\AppData\Local\Programs\Python\Python311\Lib\site-packages\laspy\point\record.py", line 185, in __getitem__
    composed_dim, sub_field = self.sub_fields_dict[item]
                              ^^^^^^^^^^^^^^^^^^^^
  File "C:\Users\annas\AppData\Local\Programs\Python\Python311\Lib\site-packages\laspy\point\record.py", line 229, in __getattr__
    return self[item]
           ~~~~^^^^^^
  File "C:\Users\annas\AppData\Local\Programs\Python\Python311\Lib\site-packages\laspy\point\record.py", line 185, in __getitem__
    composed_dim, sub_field = self.sub_fields_dict[item]
                              ^^^^^^^^^^^^^^^^^^^^
  File "C:\Users\annas\AppData\Local\Programs\Python\Python311\Lib\site-packages\laspy\point\record.py", line 229, in __getattr__
    return self[item]
           ~~~~^^^^^^
  File "C:\Users\annas\AppData\Local\Programs\Python\Python311\Lib\site-packages\laspy\point\record.py", line 185, in __getitem__
    composed_dim, sub_field = self.sub_fields_dict[item]
                              ^^^^^^^^^^^^^^^^^^^^
  File "C:\Users\annas\AppData\Local\Programs\Python\Python311\Lib\site-packages\laspy\point\record.py", line 229, in __getattr__
    return self[item]
           ~~~~^^^^^^
  File "C:\Users\annas\AppData\Local\Programs\Python\Python311\Lib\site-packages\laspy\point\record.py", line 185, in __getitem__
    composed_dim, sub_field = self.sub_fields_dict[item]
                              ^^^^^^^^^^^^^^^^^^^^
  File "C:\Users\annas\AppData\Local\Programs\Python\Python311\Lib\site-packages\laspy\point\record.py", line 229, in __getattr__
    return self[item]
           ~~~~^^^^^^
  File "C:\Users\annas\AppData\Local\Programs\Python\Python311\Lib\site-packages\laspy\point\record.py", line 185, in __getitem__
    composed_dim, sub_field = self.sub_fields_dict[item]
                              ^^^^^^^^^^^^^^^^^^^^
  File "C:\Users\annas\AppData\Local\Programs\Python\Python311\Lib\site-packages\laspy\point\record.py", line 229, in __getattr__
    return self[item]
           ~~~~^^^^^^
  File "C:\Users\annas\AppData\Local\Programs\Python\Python311\Lib\site-packages\laspy\point\record.py", line 175, in __getitem__
    if isinstance(item, (int, slice, np.ndarray, list, tuple)):
       ^^^^^^^^^^^^^^^^^^^^^^^^^^^^^^^^^^^^^^^^^^^^^^^^^^^^^^^
RecursionError: maximum recursion depth exceeded in __instancecheck__
'''

The above exception was the direct cause of the following exception:

Traceback (most recent call last):
  File "C:\Users\annas\Documents\GEOIT1501-Trees\synthesis\get_data.py", line 154, in process_geojson
    clip_and_merge_pointclouds(str(tiles_dir), str(output_dir), gpkg_path=str(gpkg_aoi_path), tile_ids=tile_ids, output_filename="clipped_output.laz")
  File "C:\Users\annas\Documents\GEOIT1501-Trees\synthesis\clip_and_merge.py", line 125, in clip_and_merge_pointclouds
    points = future.result()
             ^^^^^^^^^^^^^^^
  File "C:\Users\annas\AppData\Local\Programs\Python\Python311\Lib\concurrent\futures\_base.py", line 456, in result
    return self.__get_result()
           ^^^^^^^^^^^^^^^^^^^
  File "C:\Users\annas\AppData\Local\Programs\Python\Python311\Lib\concurrent\futures\_base.py", line 401, in __get_result
    raise self._exception
concurrent.futures.process.BrokenProcessPool: A process in the process pool was terminated abruptly while the future was running or pending.
2026-10-09T13:39:49Z [INFO] [MainProcess] Completed get_data for case: target_region
2026-10-09T13:43:19Z [INFO] [MainProcess] 
======================================== NEW SESSION 2026-10-09T13:43:19.534238+00:00Z========================================
2026-10-09T13:43:19Z [INFO] [MainProcess] Logging to: cases\target_region\logs\get_data.log
2026-10-09T13:43:19Z [INFO] [MainProcess] Starting get_data for case: target_region
2026-10-09T13:43:19Z [INFO] [MainProcess] Input GeoJSON: C:\Users\annas\Documents\GEOIT1501-Trees\DATA\OUT\20261009_154319\target_region.geojson
2026-10-09T13:43:19Z [INFO] [MainProcess] Parallel workers: 2
2026-10-09T13:43:19Z [INFO] [MainProcess] Buffer distance: 20.0 m
2026-10-09T13:43:19Z [INFO] [MainProcess] Loading AOI from C:\Users\annas\Documents\GEOIT1501-Trees\DATA\OUT\20261009_154319\target_region.geojson
2026-10-09T13:43:19Z [INFO] [MainProcess] CRS: EPSG:28992
2026-10-09T13:43:19Z [INFO] [MainProcess] Created 1 records
2026-10-09T13:43:19Z [INFO] [MainProcess] Buffered AOI saved to C:\Users\annas\Documents\GEOIT1501-Trees\DATA\OUT\20261009_154319\target_region_buffered.geojson
2026-10-09T13:43:19Z [INFO] [MainProcess] Created 1 records
2026-10-09T13:43:19Z [INFO] [MainProcess] Saved AOI as GPKG to C:\Users\annas\Documents\GEOIT1501-Trees\DATA\OUT\20261009_154319\target_region_aoi.gpkg
2026-10-09T13:43:19Z [INFO] [MainProcess] Found 2 intersecting tiles: ['091000_438000', '092000_438000']
2026-10-09T13:43:19Z [INFO] [MainProcess] Running 2 tiles in parallel using 2 cores.
2026-10-09T13:43:22Z [INFO] [MainProcess] [091000_438000] OK (CACHED)
2026-10-09T13:43:22Z [INFO] [MainProcess] [092000_438000] OK (CACHED)
2026-10-09T13:43:22Z [INFO] [MainProcess] Starting clip and merge process...
2026-10-09T13:43:29Z [INFO] [MainProcess] Clip and merge process is completed.
2026-10-09T13:43:29Z [INFO] [MainProcess] Completed get_data for case: target_region
